StartedOn,FinishedOn,RequestedEnergy,EnergyDelivered,Protocol,PaymentType,PricePolicyRef,CostPerKWh,SessionCost,BonusPointsRedeemed,BonusPointsGained,VehicleID,PointID,ProviderID
2020/11/25 18:11:21,2020/11/25 19:10:15,NULL,34.4,OCHP,Credit Card,Fast Pro,0.16,5.5,0,34,8,22,3
2020/06/30 13:0:6,2020/06/30 14:0:11,18.0,17.7,OCPI,Credit Card,Standard,0.1,1.77,0,17,22,109,4
2020/09/05 18:34:44,2020/09/05 19:25:32,NULL,16.4,OCCP,Credit Card,Fast Pro,0.16,2.62,0,16,20,154,2
2020/01/11 11:42:3,2020/01/11 12:24:8,16.2,17.0,OCHP,Credit Card,Fast Pro,0.16,2.72,0,17,4,146,3
2020/03/01 4:55:12,2020/03/01 6:27:18,29.3,29.5,OICP,Credit Card,Discount,0.08,1.3,106,29,2,40,4
2020/07/15 10:32:13,2020/07/15 12:57:53,16.6,17.3,OCPI,Credit Card,Discount,0.08,0.01,137,17,14,33,1
2020/04/05 15:22:2,2020/04/05 17:9:56,NULL,35.9,OCCP,Credit Card,Military,0.04,1.44,0,35,12,56,5
2020/02/19 15:27:17,2020/02/19 16:45:25,NULL,31.6,OCHP,Credit Card,Standard,0.1,1.88,128,31,2,69,6
2020/09/13 5:12:18,2020/09/13 7:43:5,33.1,32.6,OICP,Credit Card,Discount,0.08,2.61,0,32,29,159,4
2020/09/01 14:35:28,2020/09/01 15:45:28,19.6,19.3,OCPI,Credit Card,Military,0.04,0.77,0,19,34,135,3
2020/05/29 1:39:53,2020/05/29 2:42:31,NULL,31.1,OICP,Credit Card,Discount,0.08,2.49,0,31,21,175,6
2020/05/01 3:45:38,2020/05/01 4:47:31,NULL,35.7,OCPI,Credit Card,Standard,0.1,3.54,3,35,31,38,2
2020/06/04 5:13:54,2020/06/04 7:58:29,NULL,25.8,ISO15118,Credit Card,Standard,0.1,2.58,0,25,25,127,3
2020/12/04 11:35:21,2020/12/04 13:35:16,NULL,34.6,OICP,Credit Card,Standard,0.1,3.46,0,34,19,171,6
2020/01/07 14:49:27,2020/01/07 16:38:39,NULL,29.6,OpenADR,Credit Card,Discount,0.08,1.36,101,29,25,22,2
2020/06/21 9:26:10,2020/06/21 10:32:45,30.2,30.3,ISO15118,Credit Card,Discount,0.08,2.42,0,30,9,34,6
2020/01/22 14:48:15,2020/01/22 15:40:21,NULL,31.1,OCPI,Credit Card,Standard,0.1,3.11,0,31,9,66,2
2020/04/20 11:43:22,2020/04/20 13:7:10,NULL,24.2,OICP,Credit Card,Standard,0.1,2.42,0,24,30,139,4
2020/09/22 14:23:12,2020/09/22 15:43:29,NULL,17.6,OCCP,Credit Card,Discount,0.08,0.79,62,17,17,41,3
2020/03/22 3:21:24,2020/03/22 4:42:30,NULL,19.2,OICP,Credit Card,Fast Pro,0.16,2.87,20,19,4,120,5
2020/06/02 7:4:42,2020/06/02 9:10:52,16.9,16.9,OCHP,Credit Card,Standard,0.1,1.69,0,16,7,130,3
2020/04/13 1:43:37,2020/04/13 3:4:52,18.7,19.0,ISO15118,Credit Card,Discount,0.08,1.52,0,19,3,26,3
2020/03/21 17:52:17,2020/03/21 19:18:8,NULL,17.7,OCHP,Credit Card,Standard,0.1,1.77,0,17,7,115,1
2020/08/05 10:34:43,2020/08/05 11:26:32,22.4,22.2,OpenADR,Credit Card,Standard,0.1,2.22,0,22,12,5,4
2020/07/11 9:20:8,2020/07/11 11:29:18,27.6,28.3,OCCP,Credit Card,Fast Pro,0.16,4.53,0,28,4,21,3
2020/11/19 0:10:9,2020/11/19 1:50:46,NULL,17.5,OpenADR,Credit Card,Discount,0.08,1.4,0,17,7,50,2
2020/04/07 15:25:18,2020/04/07 17:39:45,NULL,24.7,OCPI,Credit Card,Military,0.04,0.99,0,24,34,10,1
2020/04/26 1:15:1,2020/04/26 3:58:32,17.1,16.7,OCHP,Credit Card,Standard,0.1,1.67,0,16,30,103,5
2020/02/21 4:29:56,2020/02/21 5:23:57,34.3,34.5,OICP,Credit Card,Military,0.04,1.38,0,34,4,184,6
2020/01/03 11:28:2,2020/01/03 13:29:18,NULL,36.8,OCHP,Credit Card,Fast Pro,0.16,5.89,0,36,14,40,5
2020/09/02 5:17:18,2020/09/02 6:49:46,20.5,21.4,OCPI,Credit Card,Discount,0.08,1.71,0,21,23,162,1
2020/10/09 14:33:50,2020/10/09 15:49:49,24.0,23.9,OCHP,Credit Card,Standard,0.1,2.39,0,23,9,154,4
2020/09/10 9:50:2,2020/09/10 11:37:15,NULL,28.2,OCHP,Credit Card,Standard,0.1,2.82,0,28,21,147,6
2020/03/06 8:21:7,2020/03/06 10:0:11,18.3,18.6,ISO15118,Credit Card,Fast Pro,0.16,2.98,0,18,2,93,3
2020/04/11 9:46:4,2020/04/11 10:58:10,24.1,25.0,OCCP,Credit Card,Standard,0.1,1.19,131,25,12,186,6
2020/03/28 1:27:47,2020/03/28 3:21:54,NULL,35.8,OpenADR,Credit Card,Discount,0.08,2.86,0,35,16,152,5
2020/08/27 18:31:47,2020/08/27 19:58:58,NULL,37.3,OCHP,Credit Card,Fast Pro,0.16,5.97,0,37,16,45,2
2020/08/04 15:30:36,2020/08/04 17:14:58,NULL,31.1,OCHP,Credit Card,Standard,0.1,3.11,0,31,21,190,5
2020/12/02 7:34:40,2020/12/02 9:6:22,NULL,23.9,ISO15118,Credit Card,Discount,0.08,1.91,0,23,24,90,3
2020/03/26 6:23:1,2020/03/26 7:31:7,37.2,37.2,OpenADR,Credit Card,Discount,0.08,2.98,0,37,32,179,3
2020/08/03 1:6:6,2020/08/03 3:28:1,NULL,23.7,OCHP,Credit Card,Military,0.04,0.95,0,23,18,39,6
2020/05/08 4:3:53,2020/05/08 5:29:24,NULL,25.2,OCPI,Credit Card,Standard,0.1,2.52,0,25,12,104,2
2020/08/13 0:43:28,2020/08/13 1:52:6,24.5,24.3,OCCP,Credit Card,Fast Pro,0.16,3.89,0,24,22,108,1
2020/09/05 0:58:9,2020/09/05 2:50:41,33.0,33.0,OCPI,Credit Card,Discount,0.08,2.64,0,33,13,175,1
2020/05/23 19:52:35,2020/05/23 21:26:53,NULL,29.2,OICP,Credit Card,Discount,0.08,2.34,0,29,5,189,6
2020/01/04 8:32:58,2020/01/04 10:20:1,NULL,16.0,OCHP,Credit Card,Standard,0.1,1.6,0,16,16,98,5
2020/08/27 17:34:27,2020/08/27 19:39:43,37.2,37.9,OICP,Credit Card,Fast Pro,0.16,4.72,134,37,3,112,6
2020/04/08 18:7:18,2020/04/08 20:40:5,19.0,18.9,OCHP,Credit Card,Standard,0.1,1.89,0,18,21,175,2
2020/08/01 8:53:25,2020/08/01 9:31:35,26.7,26.4,OCCP,Credit Card,Standard,0.1,2.64,0,26,3,116,4
2020/03/06 19:8:19,2020/03/06 20:10:37,NULL,17.1,OCHP,Credit Card,Fast Pro,0.16,2.74,0,17,10,197,2
2020/02/16 1:35:41,2020/02/16 2:19:6,NULL,22.1,OCHP,Credit Card,Discount,0.08,1.77,0,22,6,62,3
2020/06/22 15:0:50,2020/06/22 16:19:54,NULL,33.8,OCHP,Credit Card,Discount,0.08,2.7,0,33,7,126,2
2020/01/07 5:33:57,2020/01/07 7:48:51,22.1,22.4,OCHP,Credit Card,Fast Pro,0.16,3.58,0,22,16,129,1
2020/01/17 0:57:22,2020/01/17 1:58:51,NULL,27.9,OICP,Credit Card,Standard,0.1,2.59,20,27,7,5,1
2020/06/24 5:29:41,2020/06/24 7:28:39,NULL,25.5,OCCP,Credit Card,Fast Pro,0.16,4.08,0,25,6,47,1
2020/08/19 16:33:55,2020/08/19 18:14:49,33.9,34.0,OCPI,Credit Card,Standard,0.1,2.0,140,34,18,186,6
2020/04/27 0:29:48,2020/04/27 2:49:23,NULL,17.2,OpenADR,Credit Card,Fast Pro,0.16,2.3,45,17,35,17,6
2020/02/12 7:1:13,2020/02/12 8:45:23,NULL,16.3,OCHP,Credit Card,Fast Pro,0.16,2.61,0,16,4,193,6
2020/06/29 17:2:45,2020/06/29 18:22:38,35.2,35.6,ISO15118,Credit Card,Fast Pro,0.16,5.7,0,35,1,170,6
2020/09/02 0:57:10,2020/09/02 1:8:57,NULL,30.3,OpenADR,Credit Card,Discount,0.08,2.42,0,30,5,141,5
2020/01/29 12:10:7,2020/01/29 13:45:36,NULL,27.9,OpenADR,Credit Card,Standard,0.1,2.79,0,27,10,163,5
2020/04/01 3:28:54,2020/04/01 5:38:53,15.8,16.2,OCCP,Credit Card,Discount,0.08,1.3,0,16,18,133,1
2020/12/07 14:13:52,2020/12/07 15:16:7,NULL,32.6,OCCP,Credit Card,Fast Pro,0.16,4.09,113,32,33,18,6
2020/10/25 14:44:46,2020/10/25 16:39:51,17.5,18.1,OICP,Credit Card,Standard,0.1,1.59,22,18,34,50,6
2020/01/11 19:29:53,2020/01/11 21:45:27,NULL,29.8,OICP,Credit Card,Standard,0.1,2.98,0,29,4,79,1
2020/03/07 10:53:28,2020/03/07 11:43:23,NULL,21.2,OCCP,Credit Card,Fast Pro,0.16,2.29,110,21,28,196,6
2020/02/16 11:43:31,2020/02/16 12:36:20,NULL,28.6,OICP,Credit Card,Military,0.04,1.14,0,28,25,84,3
2020/04/05 19:36:10,2020/04/05 21:58:8,NULL,23.1,OCCP,Credit Card,Discount,0.08,1.85,0,23,23,186,1
2020/05/29 14:46:52,2020/05/29 16:14:29,17.4,16.9,OCCP,Credit Card,Standard,0.1,1.69,0,16,30,200,4
2020/09/28 9:14:2,2020/09/28 11:12:0,NULL,25.7,ISO15118,Credit Card,Fast Pro,0.16,4.11,0,25,11,109,4
2020/02/12 4:50:4,2020/02/12 6:21:49,22.3,21.8,OpenADR,Credit Card,Standard,0.1,1.13,105,21,1,8,4
2020/09/12 4:22:11,2020/09/12 5:31:45,29.9,30.4,OCCP,Credit Card,Standard,0.1,3.04,0,30,19,64,4
2020/03/14 10:18:56,2020/03/14 12:2:47,NULL,27.5,OCPI,Credit Card,Standard,0.1,1.73,102,27,10,22,6
2020/03/23 7:42:53,2020/03/23 9:12:36,NULL,34.8,OpenADR,Credit Card,Standard,0.1,1.5,198,34,7,40,3
2020/08/07 10:2:34,2020/08/07 12:38:3,NULL,20.4,OCPI,Credit Card,Fast Pro,0.16,3.26,0,20,28,173,5
2020/05/03 14:47:46,2020/05/03 16:48:18,16.5,16.7,OCHP,Credit Card,Fast Pro,0.16,2.67,0,16,14,152,1
2020/03/25 12:53:5,2020/03/25 14:25:40,19.4,19.4,OICP,Credit Card,Standard,0.1,0.04,190,19,34,51,5
2020/06/21 10:42:41,2020/06/21 11:56:19,27.1,26.8,OCPI,Credit Card,Discount,0.08,0.41,173,26,35,43,5
2020/07/06 9:43:17,2020/07/06 11:29:28,NULL,20.1,OCHP,Credit Card,Standard,0.1,0.29,172,20,18,98,4
2020/07/30 15:35:34,2020/07/30 17:48:29,33.4,33.3,OCPI,Credit Card,Fast Pro,0.16,5.33,0,33,4,121,1
2020/02/03 3:32:43,2020/02/03 5:6:20,NULL,28.0,OCPI,Credit Card,Fast Pro,0.16,4.35,13,28,9,44,5
2020/09/03 17:16:54,2020/09/03 19:9:51,25.8,26.3,OICP,Credit Card,Standard,0.1,2.63,0,26,13,85,5
2020/08/16 15:31:8,2020/08/16 17:4:16,17.1,17.6,OCCP,Credit Card,Standard,0.1,1.76,0,17,30,105,4
2020/09/06 8:22:34,2020/09/06 9:47:33,24.3,23.9,OICP,Credit Card,Fast Pro,0.16,3.82,0,23,10,109,3
2020/11/02 4:29:6,2020/11/02 5:29:29,20.1,19.7,OICP,Credit Card,Standard,0.1,1.97,0,19,6,177,2
2020/09/28 4:29:16,2020/09/28 5:33:26,NULL,28.4,OCCP,Credit Card,Discount,0.08,2.27,0,28,1,100,6
2020/04/15 16:34:28,2020/04/15 17:5:0,NULL,32.6,OCCP,Credit Card,Military,0.04,1.3,0,32,28,141,6
2020/06/18 2:34:9,2020/06/18 3:12:38,34.2,35.0,OpenADR,Credit Card,Fast Pro,0.16,5.6,0,35,10,104,4
2020/05/20 16:2:30,2020/05/20 17:27:38,31.7,31.6,OCPI,Credit Card,Discount,0.08,2.53,0,31,24,14,1
2020/02/17 16:13:18,2020/02/17 17:38:36,37.3,36.8,OCCP,Credit Card,Discount,0.08,2.94,0,36,34,57,1
2020/07/17 11:23:19,2020/07/17 13:24:38,NULL,18.8,OCCP,Credit Card,Fast Pro,0.16,1.08,193,18,30,22,2
2020/03/18 16:16:52,2020/03/18 17:48:5,NULL,18.6,OCCP,Credit Card,Standard,0.1,0.96,90,18,30,19,1
2020/01/26 2:52:34,2020/01/26 3:19:9,NULL,15.5,OCPI,Credit Card,Discount,0.08,0.51,73,15,12,18,4
2020/11/18 4:0:31,2020/11/18 5:21:18,26.9,27.6,OCPI,Credit Card,Discount,0.08,2.21,0,27,21,135,5
2020/01/03 4:4:1,2020/01/03 6:9:58,NULL,36.3,OCCP,Credit Card,Military,0.04,1.45,0,36,22,191,5
2020/08/25 3:12:27,2020/08/25 5:31:44,35.9,35.7,OCPI,Credit Card,Standard,0.1,3.57,0,35,2,92,6
2020/08/09 7:54:20,2020/08/09 9:7:17,NULL,30.4,OpenADR,Credit Card,Fast Pro,0.16,4.86,0,30,9,77,2
2020/09/07 14:20:36,2020/09/07 16:47:10,NULL,22.3,OpenADR,Credit Card,Fast Pro,0.16,2.13,144,22,4,123,1
2020/02/03 5:21:51,2020/02/03 7:29:54,27.6,28.0,ISO15118,Credit Card,Discount,0.08,1.61,63,28,9,57,2
2020/05/02 14:49:37,2020/05/02 15:55:50,NULL,25.6,OCPI,Credit Card,Discount,0.08,0.41,164,25,5,76,6
2020/03/29 18:43:42,2020/03/29 20:40:22,36.0,36.5,ISO15118,Credit Card,Discount,0.08,2.56,36,36,25,133,3
2020/10/26 14:16:32,2020/10/26 15:5:29,NULL,32.8,OCPI,Credit Card,Standard,0.1,3.28,0,32,13,93,6
2020/02/23 9:15:10,2020/02/23 11:46:24,NULL,31.0,OpenADR,Credit Card,Standard,0.1,3.1,0,31,2,75,6
2020/09/28 15:27:52,2020/09/28 16:34:1,22.2,22.7,ISO15118,Credit Card,Standard,0.1,2.05,22,22,27,167,1
2020/05/12 5:58:21,2020/05/12 6:11:49,NULL,32.7,OICP,Credit Card,Standard,0.1,2.2,107,32,28,50,2
2020/03/10 0:14:19,2020/03/10 2:4:25,24.6,24.1,OCPI,Credit Card,Standard,0.1,2.41,0,24,5,16,2
2020/03/09 0:49:42,2020/03/09 2:11:1,NULL,29.5,OCCP,Credit Card,Fast Pro,0.16,4.72,0,29,5,135,2
2020/07/27 3:52:32,2020/07/27 5:39:12,NULL,18.2,ISO15118,Credit Card,Fast Pro,0.16,2.91,0,18,7,193,4
2020/12/27 19:44:6,2020/12/27 21:4:17,NULL,24.6,OpenADR,Credit Card,Fast Pro,0.16,2.7,124,24,24,151,1
2020/11/09 15:28:50,2020/11/09 16:8:28,21.5,21.5,OICP,Credit Card,Standard,0.1,2.15,0,21,33,180,2
2020/03/11 13:42:31,2020/03/11 14:55:30,NULL,24.3,OICP,Credit Card,Standard,0.1,2.43,0,24,17,157,4
2020/06/23 15:57:8,2020/06/23 16:51:11,36.8,37.2,OCHP,Credit Card,Discount,0.08,2.98,0,37,23,157,4
2020/11/23 2:18:42,2020/11/23 3:27:25,27.1,26.9,OpenADR,Credit Card,Standard,0.1,2.69,0,26,2,183,6
2020/12/20 0:4:5,2020/12/20 2:30:21,32.1,32.6,OICP,Credit Card,Discount,0.08,1.23,138,32,9,99,3
2020/05/13 14:49:7,2020/05/13 15:14:25,17.1,16.9,OCCP,Credit Card,Discount,0.08,1.06,29,16,9,125,3
2020/10/02 15:19:29,2020/10/02 17:54:0,33.3,33.4,OCPI,Credit Card,Fast Pro,0.16,5.34,0,33,18,175,3
2020/09/05 5:27:2,2020/09/05 6:10:33,35.1,35.4,OCPI,Credit Card,Fast Pro,0.16,4.38,128,35,30,193,1
2020/03/17 12:18:44,2020/03/17 13:5:51,NULL,18.8,OCHP,Credit Card,Fast Pro,0.16,1.59,142,18,4,161,3
2020/07/04 14:52:34,2020/07/04 16:18:30,NULL,24.9,OCCP,Credit Card,Fast Pro,0.16,3.98,0,24,7,134,5
2020/10/04 4:26:4,2020/10/04 5:4:8,26.0,26.5,OCCP,Credit Card,Standard,0.1,2.65,0,26,27,38,6
2020/08/07 19:1:52,2020/08/07 20:24:38,NULL,26.6,OCHP,Credit Card,Standard,0.1,2.66,0,26,6,75,3
2020/02/24 16:11:15,2020/02/24 18:9:29,26.5,26.4,OCCP,Credit Card,Standard,0.1,2.64,0,26,5,124,4
2020/03/20 3:55:27,2020/03/20 4:24:57,25.8,26.6,OICP,Credit Card,Standard,0.1,1.02,164,26,8,177,5
2020/11/28 5:48:30,2020/11/28 6:37:55,NULL,19.1,OCCP,Credit Card,Military,0.04,0.43,119,19,24,60,1
2020/04/19 15:2:57,2020/04/19 16:10:24,NULL,24.6,OpenADR,Credit Card,Standard,0.1,2.22,24,24,26,90,2
2020/07/04 11:39:55,2020/07/04 12:4:7,NULL,35.2,OpenADR,Credit Card,Discount,0.08,2.82,0,35,32,86,6
2020/03/02 0:37:52,2020/03/02 2:2:13,NULL,21.5,OCPI,Credit Card,Standard,0.1,2.15,0,21,12,80,1
2020/04/19 12:56:9,2020/04/19 14:28:4,NULL,21.7,OCPI,Credit Card,Standard,0.1,2.17,0,21,25,90,5
2020/06/18 4:56:15,2020/06/18 6:38:53,24.4,24.9,OpenADR,Credit Card,Standard,0.1,2.49,0,24,19,94,2
2020/01/24 11:56:14,2020/01/24 12:53:48,NULL,35.0,OpenADR,Credit Card,Discount,0.08,2.8,0,35,1,55,6
2020/01/01 1:39:41,2020/01/01 2:41:24,23.6,23.6,OICP,Credit Card,Standard,0.1,2.36,0,23,14,122,5
2020/01/04 18:1:15,2020/01/04 19:9:7,NULL,22.3,OCHP,Credit Card,Standard,0.1,2.23,0,22,31,112,3
2020/09/29 1:40:10,2020/09/29 2:55:57,NULL,19.3,OCPI,Credit Card,Military,0.04,0.77,0,19,24,200,6
2020/02/19 19:6:29,2020/02/19 20:41:45,25.4,26.1,OICP,Credit Card,Standard,0.1,2.61,0,26,24,177,2
2020/12/28 0:38:49,2020/12/28 1:34:2,34.6,35.1,OCCP,Credit Card,Fast Pro,0.16,5.62,0,35,22,36,3
2020/07/30 0:54:20,2020/07/30 1:23:36,NULL,15.5,OCHP,Credit Card,Fast Pro,0.16,2.48,0,15,26,141,1
2020/02/11 8:27:28,2020/02/11 9:29:12,NULL,17.2,OCHP,Credit Card,Military,0.04,0.69,0,17,11,73,1
2020/09/11 12:29:20,2020/09/11 14:28:53,NULL,20.7,OCHP,Credit Card,Fast Pro,0.16,3.31,0,20,7,106,1
2020/08/27 19:37:8,2020/08/27 21:10:30,18.8,19.6,OICP,Credit Card,Standard,0.1,1.96,0,19,19,10,1
2020/09/23 0:27:27,2020/09/23 2:28:58,28.6,29.1,OICP,Credit Card,Fast Pro,0.16,4.66,0,29,30,68,2
2020/08/30 3:39:27,2020/08/30 4:3:33,NULL,24.4,OCHP,Credit Card,Discount,0.08,1.95,0,24,13,113,4
2020/07/13 7:56:57,2020/07/13 9:15:12,17.0,17.4,OCCP,Credit Card,Discount,0.08,1.39,0,17,2,78,2
2020/06/07 19:49:48,2020/06/07 20:33:55,NULL,34.8,OCCP,Credit Card,Standard,0.1,3.48,0,34,1,50,5
2020/09/24 14:18:26,2020/09/24 15:53:9,17.3,18.2,OCCP,Credit Card,Fast Pro,0.16,2.91,0,18,33,25,5
2020/03/22 16:25:3,2020/03/22 18:25:50,NULL,29.4,OpenADR,Credit Card,Standard,0.1,2.94,0,29,34,68,4
2020/08/06 15:38:39,2020/08/06 17:42:42,NULL,25.7,OCCP,Credit Card,Fast Pro,0.16,4.11,0,25,1,83,4
2020/02/25 19:17:40,2020/02/25 21:3:35,35.4,36.0,OCPI,Credit Card,Discount,0.08,2.1,78,36,6,12,1
2020/04/02 2:10:50,2020/04/02 4:57:23,NULL,29.1,ISO15118,Credit Card,Standard,0.1,2.89,2,29,30,53,4
2020/10/27 0:44:18,2020/10/27 1:23:19,34.6,34.6,OCPI,Credit Card,Fast Pro,0.16,5.54,0,34,4,95,3
2020/03/16 19:17:7,2020/03/16 20:36:5,NULL,31.3,OCHP,Credit Card,Discount,0.08,2.5,0,31,3,81,1
2020/09/13 14:8:57,2020/09/13 15:35:1,17.1,17.7,ISO15118,Credit Card,Discount,0.08,1.42,0,17,14,17,6
2020/07/06 19:56:27,2020/07/06 21:6:16,21.0,21.0,ISO15118,Credit Card,Discount,0.08,1.53,15,21,23,87,3
2020/03/03 18:6:24,2020/03/03 19:47:21,NULL,27.2,OCCP,Credit Card,Standard,0.1,2.72,0,27,8,9,1
2020/07/11 6:13:3,2020/07/11 7:34:24,24.2,23.9,OCPI,Credit Card,Fast Pro,0.16,3.82,0,23,13,17,4
2020/08/23 3:58:44,2020/08/23 5:53:30,34.0,33.9,OpenADR,Credit Card,Standard,0.1,2.56,83,33,22,113,1
2020/07/24 17:52:50,2020/07/24 18:1:23,NULL,29.4,OCPI,Credit Card,Fast Pro,0.16,4.7,0,29,15,34,4
2020/10/17 19:19:6,2020/10/17 21:45:18,15.3,16.0,OCHP,Credit Card,Fast Pro,0.16,2.56,0,16,8,8,2
2020/01/15 19:31:0,2020/01/15 21:9:5,NULL,16.0,OCCP,Credit Card,Fast Pro,0.16,2.56,0,16,9,171,3
2020/10/12 7:8:21,2020/10/12 8:7:21,NULL,31.7,OCPI,Credit Card,Fast Pro,0.16,5.07,0,31,27,3,2
2020/07/28 0:17:58,2020/07/28 1:22:8,NULL,28.4,ISO15118,Credit Card,Discount,0.08,0.37,190,28,24,109,2
2020/02/12 0:8:54,2020/02/12 1:32:8,NULL,20.2,OICP,Credit Card,Fast Pro,0.16,1.35,188,20,17,86,6
2020/09/04 14:25:12,2020/09/04 15:40:13,NULL,27.2,ISO15118,Credit Card,Standard,0.1,2.72,0,27,18,38,1
2020/10/27 9:53:37,2020/10/27 10:43:38,NULL,19.9,OCPI,Credit Card,Standard,0.1,1.99,0,19,29,123,5
2020/08/20 10:55:8,2020/08/20 12:9:37,NULL,17.9,OCHP,Credit Card,Discount,0.08,1.17,26,17,29,155,2
2020/07/19 12:39:40,2020/07/19 14:36:22,NULL,18.8,OCPI,Credit Card,Military,0.04,0.75,0,18,10,18,5
2020/04/16 18:25:6,2020/04/16 20:26:39,NULL,33.6,OICP,Credit Card,Fast Pro,0.16,5.38,0,33,10,5,5
2020/07/01 9:0:14,2020/07/01 11:0:35,NULL,21.2,OCHP,Credit Card,Discount,0.08,1.7,0,21,19,55,5
2020/07/28 5:56:28,2020/07/28 6:25:8,36.9,37.7,OCCP,Credit Card,Fast Pro,0.16,6.03,0,37,23,178,3
2020/02/16 17:8:30,2020/02/16 19:6:13,24.9,24.9,ISO15118,Credit Card,Military,0.04,1.0,0,24,34,16,3
2020/03/30 0:54:20,2020/03/30 2:58:31,NULL,22.2,OCHP,Credit Card,Standard,0.1,2.22,0,22,13,42,5
2020/12/30 5:30:38,2020/12/30 7:50:48,NULL,25.7,ISO15118,Credit Card,Fast Pro,0.16,4.11,0,25,26,46,2
2020/09/03 19:23:54,2020/09/03 20:58:18,34.4,34.6,OICP,Credit Card,Discount,0.08,2.77,0,34,25,152,4
2020/01/18 9:29:41,2020/01/18 10:21:5,20.5,20.4,OCHP,Credit Card,Standard,0.1,2.04,0,20,6,163,2
2020/07/21 5:57:58,2020/07/21 7:56:17,NULL,20.4,OpenADR,Credit Card,Fast Pro,0.16,3.26,0,20,28,196,2
2020/08/29 16:21:9,2020/08/29 17:49:0,34.4,34.5,OCPI,Credit Card,Discount,0.08,1.54,122,34,6,103,5
2020/09/12 13:50:28,2020/09/12 14:31:22,NULL,26.4,OCPI,Credit Card,Standard,0.1,1.86,78,26,3,193,5
2020/01/14 0:9:48,2020/01/14 1:51:8,NULL,37.8,OCCP,Credit Card,Fast Pro,0.16,4.76,129,37,17,119,3
2020/06/11 18:2:13,2020/06/11 19:14:3,27.4,28.0,OCHP,Credit Card,Standard,0.1,2.8,0,28,5,184,3
2020/04/07 13:6:36,2020/04/07 14:42:19,NULL,21.9,OCPI,Credit Card,Standard,0.1,2.05,14,21,24,23,3
2020/10/30 2:21:40,2020/10/30 4:52:37,24.1,23.7,ISO15118,Credit Card,Standard,0.1,2.37,0,23,33,93,2
2020/01/09 6:20:36,2020/01/09 7:39:40,23.4,24.2,OCHP,Credit Card,Discount,0.08,1.94,0,24,16,156,3
2020/09/02 16:21:23,2020/09/02 18:49:21,NULL,36.0,OICP,Credit Card,Standard,0.1,3.6,0,36,33,113,4
2020/06/02 11:52:54,2020/06/02 13:3:51,30.2,30.1,OCHP,Credit Card,Fast Pro,0.16,4.82,0,30,29,88,2
2020/01/07 5:13:50,2020/01/07 6:36:26,21.4,21.6,OpenADR,Credit Card,Fast Pro,0.16,1.8,166,21,8,122,6
2020/10/14 3:8:51,2020/10/14 4:52:45,18.5,19.3,OCCP,Credit Card,Standard,0.1,1.62,31,19,19,142,3
2020/04/14 11:27:1,2020/04/14 12:28:30,28.3,28.1,OCHP,Credit Card,Standard,0.1,2.81,0,28,8,92,2
2020/04/06 3:42:10,2020/04/06 4:14:26,NULL,35.1,OICP,Credit Card,Discount,0.08,2.81,0,35,35,7,2
2020/11/02 19:8:17,2020/11/02 20:24:13,33.6,33.3,OICP,Credit Card,Fast Pro,0.16,5.03,30,33,29,194,4
2020/01/22 16:22:11,2020/01/22 18:5:27,22.6,22.8,ISO15118,Credit Card,Standard,0.1,2.28,0,22,10,168,2
2020/06/24 13:29:46,2020/06/24 14:53:39,37.1,36.7,OCCP,Credit Card,Standard,0.1,3.67,0,36,30,130,3
2020/04/14 15:50:41,2020/04/14 16:43:2,NULL,26.1,ISO15118,Credit Card,Standard,0.1,2.61,0,26,10,98,3
2020/11/04 17:49:47,2020/11/04 18:1:1,NULL,17.5,OCCP,Credit Card,Discount,0.08,1.4,0,17,6,105,3
2020/11/06 7:58:12,2020/11/06 8:58:43,NULL,37.5,OCHP,Credit Card,Military,0.04,1.5,0,37,27,53,5
2020/05/30 11:49:20,2020/05/30 13:49:0,31.1,32.0,OCCP,Credit Card,Fast Pro,0.16,4.04,108,32,6,89,1
2020/06/18 14:24:9,2020/06/18 15:1:3,15.8,15.8,OICP,Credit Card,Standard,0.1,1.58,0,15,18,193,1
2020/12/14 12:16:41,2020/12/14 14:20:39,28.4,28.2,ISO15118,Credit Card,Standard,0.1,2.82,0,28,11,162,1
2020/02/26 17:56:45,2020/02/26 19:2:16,NULL,25.3,OpenADR,Credit Card,Discount,0.08,0.07,195,25,7,37,4
2020/03/14 2:47:53,2020/03/14 3:1:35,NULL,35.7,OCHP,Credit Card,Fast Pro,0.16,4.47,124,35,9,175,5
2020/11/07 16:21:42,2020/11/07 17:26:4,27.7,27.4,ISO15118,Credit Card,Fast Pro,0.16,2.77,161,27,32,7,3
2020/07/05 2:11:9,2020/07/05 4:42:5,NULL,28.8,OCHP,Credit Card,Fast Pro,0.16,4.61,0,28,34,14,2
2020/09/25 7:53:14,2020/09/25 9:49:2,15.5,15.7,ISO15118,Credit Card,Discount,0.08,1.26,0,15,33,131,3
2020/02/04 14:16:45,2020/02/04 15:43:23,NULL,23.2,ISO15118,Credit Card,Standard,0.1,0.92,140,23,2,119,1
2020/06/08 17:45:36,2020/06/08 19:51:57,NULL,32.5,OpenADR,Credit Card,Fast Pro,0.16,5.2,0,32,23,80,3
2020/06/09 1:28:28,2020/06/09 2:7:11,36.4,36.8,OCCP,Credit Card,Discount,0.08,2.94,0,36,6,167,4
2020/05/23 15:23:41,2020/05/23 16:0:53,31.9,32.8,ISO15118,Credit Card,Discount,0.08,2.62,0,32,10,4,6
2020/12/01 7:54:7,2020/12/01 8:11:47,34.5,34.6,OCHP,Credit Card,Standard,0.1,3.46,0,34,26,114,1
2020/07/18 14:1:39,2020/07/18 15:25:5,NULL,37.7,OCCP,Credit Card,Fast Pro,0.16,6.03,0,37,5,94,6
2020/11/23 10:12:33,2020/11/23 11:6:33,NULL,16.7,ISO15118,Credit Card,Standard,0.1,1.67,0,16,31,198,4
2020/09/30 12:22:27,2020/09/30 14:48:2,27.4,27.3,OCPI,Credit Card,Fast Pro,0.16,4.07,30,27,21,28,6
2020/08/22 5:8:44,2020/08/22 7:7:57,NULL,30.1,OCHP,Credit Card,Fast Pro,0.16,3.63,119,30,7,114,6
2020/07/15 9:22:9,2020/07/15 11:31:37,NULL,20.6,OCCP,Credit Card,Standard,0.1,2.06,0,20,35,65,6
2020/08/14 11:15:11,2020/08/14 13:22:3,22.3,22.0,OCPI,Credit Card,Standard,0.1,2.2,0,22,34,124,3
2020/02/19 16:11:35,2020/02/19 18:32:48,NULL,25.4,OCCP,Credit Card,Standard,0.1,2.54,0,25,20,106,1
2020/09/25 10:37:22,2020/09/25 11:24:9,34.7,34.3,OCPI,Credit Card,Fast Pro,0.16,5.49,0,34,27,22,2
2020/02/16 18:45:42,2020/02/16 19:24:4,NULL,29.6,OICP,Credit Card,Military,0.04,1.18,0,29,10,21,1
2020/02/04 3:17:46,2020/02/04 4:4:32,24.5,24.0,OCCP,Credit Card,Military,0.04,0.96,0,24,11,200,4
2020/03/06 15:33:38,2020/03/06 17:21:31,NULL,31.9,OCPI,Credit Card,Fast Pro,0.16,5.1,0,31,33,94,2
2020/02/09 4:11:13,2020/02/09 5:53:22,NULL,31.4,OCCP,Credit Card,Discount,0.08,2.29,22,31,18,25,1
2020/05/09 15:14:47,2020/05/09 16:21:27,NULL,30.6,OCPI,Credit Card,Discount,0.08,0.57,188,30,14,120,5
2020/11/21 6:18:20,2020/11/21 7:21:7,NULL,34.8,OICP,Credit Card,Discount,0.08,2.78,0,34,7,95,3
2020/01/10 3:13:24,2020/01/10 5:9:41,28.8,29.3,OpenADR,Credit Card,Fast Pro,0.16,4.69,0,29,27,107,4
2020/11/05 14:42:10,2020/11/05 16:22:43,31.4,31.1,ISO15118,Credit Card,Fast Pro,0.16,4.98,0,31,33,68,1
2020/11/12 3:25:38,2020/11/12 4:36:18,26.7,26.5,OCHP,Credit Card,Standard,0.1,2.65,0,26,6,137,2
2020/08/07 0:25:15,2020/08/07 1:9:38,18.3,18.5,OCPI,Credit Card,Standard,0.1,0.95,90,18,15,45,2
2020/05/19 16:28:38,2020/05/19 17:19:36,20.0,20.3,OCPI,Credit Card,Standard,0.1,2.03,0,20,2,130,2
2020/11/20 11:11:20,2020/11/20 13:17:18,NULL,32.8,OCCP,Credit Card,Fast Pro,0.16,5.25,0,32,22,59,6
2020/07/08 16:47:27,2020/07/08 17:48:14,NULL,33.6,OCHP,Credit Card,Fast Pro,0.16,5.38,0,33,25,144,3
2020/02/15 10:1:26,2020/02/15 11:0:8,NULL,20.2,OCPI,Credit Card,Fast Pro,0.16,3.23,0,20,15,13,1
2020/11/26 9:54:55,2020/11/26 11:47:30,16.9,17.7,OCCP,Credit Card,Standard,0.1,1.77,0,17,1,46,6
2020/10/23 0:38:8,2020/10/23 2:15:31,NULL,36.6,OICP,Credit Card,Fast Pro,0.16,5.86,0,36,2,153,2
2020/02/29 17:22:36,2020/02/29 18:38:0,28.6,28.1,OCPI,Credit Card,Standard,0.1,0.93,188,28,22,192,2
2020/04/03 4:7:9,2020/04/03 5:5:55,21.4,21.3,OCHP,Credit Card,Discount,0.08,1.7,0,21,29,139,4
2020/09/21 18:28:58,2020/09/21 19:39:46,34.6,34.9,OCPI,Credit Card,Standard,0.1,2.09,140,34,21,150,4
2020/02/04 4:19:15,2020/02/04 6:18:31,NULL,15.8,ISO15118,Credit Card,Discount,0.08,1.26,0,15,5,73,6
2020/03/23 19:5:15,2020/03/23 21:18:50,NULL,20.0,OCPI,Credit Card,Fast Pro,0.16,3.2,0,20,2,102,2
2020/01/19 0:20:54,2020/01/19 1:1:0,22.4,22.8,OCPI,Credit Card,Fast Pro,0.16,1.89,176,22,2,51,2
2020/07/11 5:26:11,2020/07/11 6:56:38,30.7,30.3,OICP,Credit Card,Standard,0.1,1.36,167,30,13,175,1
2020/02/28 2:16:9,2020/02/28 3:37:23,23.5,23.6,OCPI,Credit Card,Discount,0.08,1.89,0,23,11,75,4
2020/04/04 15:48:19,2020/04/04 17:58:31,25.9,26.0,OCPI,Credit Card,Fast Pro,0.16,4.16,0,26,9,189,6
2020/02/25 3:57:16,2020/02/25 5:40:4,19.0,19.7,ISO15118,Credit Card,Fast Pro,0.16,3.15,0,19,30,66,3
2020/03/06 17:9:4,2020/03/06 19:3:33,36.0,36.9,OICP,Credit Card,Fast Pro,0.16,4.47,143,36,20,51,2
2020/07/29 8:52:56,2020/07/29 10:57:22,23.6,23.5,OCPI,Credit Card,Discount,0.08,1.3,58,23,25,73,2
2020/05/26 15:4:21,2020/05/26 17:41:36,19.9,19.7,OCHP,Credit Card,Standard,0.1,1.97,0,19,34,14,2
2020/08/15 11:6:52,2020/08/15 13:3:47,NULL,20.2,OCHP,Credit Card,Standard,0.1,2.02,0,20,4,77,5
2020/01/20 4:25:34,2020/01/20 5:0:48,NULL,28.0,OICP,Credit Card,Standard,0.1,2.8,0,28,4,126,1
2020/06/08 8:52:36,2020/06/08 10:48:34,NULL,37.5,OCHP,Credit Card,Military,0.04,0.13,163,37,24,54,1
2020/03/12 11:49:3,2020/03/12 13:15:43,NULL,34.0,OpenADR,Credit Card,Standard,0.1,3.4,0,34,1,43,4
2020/09/23 1:58:46,2020/09/23 3:4:54,NULL,31.1,OCHP,Credit Card,Discount,0.08,2.49,0,31,15,43,3
2020/07/05 19:8:9,2020/07/05 20:37:23,23.6,23.9,OICP,Credit Card,Standard,0.1,2.39,0,23,16,140,5
2020/04/23 15:21:42,2020/04/23 17:22:22,NULL,37.5,ISO15118,Credit Card,Standard,0.1,3.75,0,37,14,24,3
2020/02/06 14:16:29,2020/02/06 16:53:39,NULL,36.5,OpenADR,Credit Card,Discount,0.08,2.92,0,36,34,190,5
2020/01/30 13:4:31,2020/01/30 15:0:27,32.8,32.6,OCPI,Credit Card,Fast Pro,0.16,5.22,0,32,27,92,6
2020/03/15 2:29:49,2020/03/15 4:46:47,NULL,16.9,OICP,Credit Card,Fast Pro,0.16,2.19,51,16,26,137,6
2020/05/18 6:30:44,2020/05/18 7:49:29,NULL,27.2,OICP,Credit Card,Fast Pro,0.16,4.35,0,27,30,86,3
2020/02/19 3:3:51,2020/02/19 4:19:48,21.9,21.8,OCHP,Credit Card,Fast Pro,0.16,3.41,8,21,24,180,3
2020/10/12 6:9:31,2020/10/12 7:58:54,28.1,28.9,OCHP,Credit Card,Standard,0.1,2.89,0,28,33,177,1
2020/10/29 9:31:52,2020/10/29 11:36:1,NULL,27.6,OCCP,Credit Card,Discount,0.08,2.21,0,27,18,175,4
2020/01/26 19:26:45,2020/01/26 21:35:41,NULL,17.0,OCPI,Credit Card,Standard,0.1,0.97,73,17,2,181,5
2020/12/15 6:17:57,2020/12/15 8:14:51,NULL,26.4,OCCP,Credit Card,Fast Pro,0.16,2.84,138,26,19,95,2
2020/04/21 16:52:1,2020/04/21 17:11:44,21.8,22.0,OCCP,Credit Card,Discount,0.08,1.76,0,22,8,146,5
2020/10/30 7:0:5,2020/10/30 9:7:21,25.9,25.4,OICP,Credit Card,Fast Pro,0.16,4.06,0,25,30,147,6
2020/04/20 1:52:1,2020/04/20 3:31:45,20.1,20.5,OpenADR,Credit Card,Discount,0.08,1.45,19,20,20,130,5
2020/04/10 8:25:23,2020/04/10 10:52:22,NULL,23.8,OpenADR,Credit Card,Standard,0.1,2.08,30,23,3,112,6
2020/03/01 17:6:53,2020/03/01 18:23:2,NULL,24.6,OICP,Credit Card,Fast Pro,0.16,3.94,0,24,19,109,2
2020/03/20 14:40:47,2020/03/20 15:20:35,NULL,27.5,ISO15118,Credit Card,Standard,0.1,2.75,0,27,11,148,3
2020/11/13 14:15:57,2020/11/13 15:35:18,15.9,16.5,OICP,Credit Card,Standard,0.1,1.65,0,16,34,93,4
2020/02/12 5:47:47,2020/02/12 7:12:36,35.2,34.7,OCCP,Credit Card,Fast Pro,0.16,5.55,0,34,15,91,3
2020/06/07 18:27:25,2020/06/07 20:55:28,35.5,35.8,OCHP,Credit Card,Military,0.04,0.42,101,35,10,173,1
2020/12/16 8:12:49,2020/12/16 10:16:41,36.2,36.3,OICP,Credit Card,Fast Pro,0.16,3.85,196,36,6,29,2
2020/10/19 1:12:45,2020/10/19 3:21:10,NULL,31.7,OICP,Credit Card,Fast Pro,0.16,5.07,0,31,16,114,5
2020/11/19 19:19:47,2020/11/19 20:7:22,NULL,24.6,OICP,Credit Card,Standard,0.1,2.46,0,24,9,94,5
2020/02/21 14:37:19,2020/02/21 15:42:57,37.2,38.0,OCCP,Credit Card,Standard,0.1,3.8,0,38,4,31,3
2020/09/20 8:3:1,2020/09/20 10:50:51,30.8,31.0,OpenADR,Credit Card,Fast Pro,0.16,4.96,0,31,6,2,3
2020/02/12 3:56:22,2020/02/12 5:10:7,NULL,34.1,ISO15118,Credit Card,Fast Pro,0.16,5.46,0,34,27,98,1
2020/07/12 13:0:58,2020/07/12 14:9:37,NULL,29.1,OCHP,Credit Card,Standard,0.1,2.91,0,29,12,73,2
2020/03/03 3:42:10,2020/03/03 4:21:20,NULL,32.9,ISO15118,Credit Card,Standard,0.1,3.29,0,32,17,33,2
2020/10/17 16:16:0,2020/10/17 17:25:6,35.5,35.8,OCCP,Credit Card,Discount,0.08,2.8,6,35,13,17,1
2020/03/30 13:18:53,2020/03/30 15:33:12,NULL,28.4,OCPI,Credit Card,Standard,0.1,2.31,53,28,29,94,5
2020/01/02 4:58:58,2020/01/02 5:51:8,15.8,15.7,OCPI,Credit Card,Standard,0.1,0.22,135,15,21,42,5
2020/09/26 2:29:54,2020/09/26 4:18:42,19.4,19.8,OCHP,Credit Card,Discount,0.08,0.99,59,19,13,159,3
2020/04/15 16:53:6,2020/04/15 18:2:23,28.5,28.3,OCPI,Credit Card,Fast Pro,0.16,2.87,166,28,24,65,2
2020/08/13 18:48:0,2020/08/13 19:46:46,NULL,21.7,OpenADR,Credit Card,Fast Pro,0.16,3.47,0,21,1,199,3
2020/02/15 5:1:12,2020/02/15 6:34:41,35.5,36.2,OCPI,Credit Card,Fast Pro,0.16,5.79,0,36,9,107,4
2020/11/28 12:25:23,2020/11/28 13:24:49,31.6,32.0,OpenADR,Credit Card,Standard,0.1,1.78,142,32,8,195,1
2020/10/30 13:10:21,2020/10/30 15:14:35,16.2,17.0,ISO15118,Credit Card,Fast Pro,0.16,2.72,0,17,12,141,6
2020/02/27 10:41:17,2020/02/27 11:28:55,NULL,16.5,OpenADR,Credit Card,Standard,0.1,1.22,43,16,10,108,3
2020/08/01 12:5:52,2020/08/01 14:46:44,34.5,35.2,OCCP,Credit Card,Fast Pro,0.16,5.63,0,35,28,152,5
2020/11/22 12:43:28,2020/11/22 14:21:55,NULL,30.3,OICP,Credit Card,Standard,0.1,3.03,0,30,11,182,4
2020/03/17 1:35:2,2020/03/17 2:26:47,27.8,28.0,OICP,Credit Card,Discount,0.08,1.09,115,28,35,156,4
2020/02/09 19:9:55,2020/02/09 20:6:45,35.3,35.4,OCPI,Credit Card,Standard,0.1,1.96,158,35,2,67,6
2020/02/04 7:13:32,2020/02/04 9:45:29,NULL,16.9,OpenADR,Credit Card,Fast Pro,0.16,2.7,0,16,6,65,4
2020/05/19 0:57:50,2020/05/19 1:9:32,NULL,20.5,OCHP,Credit Card,Standard,0.1,2.05,0,20,31,48,2
2020/06/21 3:53:30,2020/06/21 4:1:32,27.4,27.4,ISO15118,Credit Card,Discount,0.08,2.19,0,27,18,194,2
2020/07/07 3:39:10,2020/07/07 5:56:42,32.5,32.7,OCHP,Credit Card,Discount,0.08,2.62,0,32,17,142,6
2020/12/11 1:20:45,2020/12/11 2:35:14,18.1,18.3,OICP,Credit Card,Discount,0.08,1.46,0,18,11,140,2
2020/08/16 19:24:53,2020/08/16 20:34:36,NULL,18.9,OpenADR,Credit Card,Standard,0.1,1.89,0,18,27,192,2
2020/10/31 16:21:0,2020/10/31 18:24:31,33.3,34.1,OICP,Credit Card,Discount,0.08,2.49,24,34,24,96,2
2020/08/28 9:1:33,2020/08/28 11:23:25,NULL,16.1,OCPI,Credit Card,Standard,0.1,1.61,0,16,11,20,6
2020/05/28 17:7:14,2020/05/28 19:56:11,NULL,16.2,OCHP,Credit Card,Standard,0.1,1.62,0,16,14,7,2
2020/10/21 9:16:47,2020/10/21 10:15:29,25.9,26.8,OICP,Credit Card,Standard,0.1,2.68,0,26,17,75,6
2020/10/02 13:28:41,2020/10/02 14:39:12,NULL,20.1,OCCP,Credit Card,Fast Pro,0.16,3.22,0,20,23,30,2
2020/04/18 11:13:3,2020/04/18 13:35:50,NULL,28.6,OpenADR,Credit Card,Discount,0.08,2.29,0,28,2,2,5
2020/07/09 10:53:45,2020/07/09 11:31:52,NULL,27.7,ISO15118,Credit Card,Standard,0.1,2.77,0,27,23,178,4
2020/01/10 11:18:27,2020/01/10 12:58:42,19.0,18.8,OCHP,Credit Card,Standard,0.1,1.88,0,18,33,74,5
2020/01/01 10:23:30,2020/01/01 11:49:57,NULL,21.2,OpenADR,Credit Card,Standard,0.1,2.12,0,21,34,103,1
2020/09/01 5:19:2,2020/09/01 6:52:49,35.3,35.2,ISO15118,Credit Card,Military,0.04,0.11,152,35,18,68,3
2020/09/03 19:5:4,2020/09/03 20:12:58,NULL,25.7,OCPI,Credit Card,Standard,0.1,2.57,0,25,25,136,2
2020/05/08 19:57:55,2020/05/08 21:56:50,NULL,28.9,ISO15118,Credit Card,Fast Pro,0.16,4.54,8,28,34,60,5
2020/12/21 19:5:57,2020/12/21 21:23:57,22.2,22.2,OCHP,Credit Card,Discount,0.08,0.24,154,22,6,115,2
2020/09/03 19:27:58,2020/09/03 21:9:56,NULL,36.6,OICP,Credit Card,Discount,0.08,2.93,0,36,15,165,4
2020/08/17 5:46:9,2020/08/17 6:37:7,21.9,22.2,OCHP,Credit Card,Discount,0.08,1.78,0,22,18,36,3
2020/08/26 0:13:6,2020/08/26 1:58:23,NULL,29.0,ISO15118,Credit Card,Fast Pro,0.16,4.64,0,29,10,29,3
2020/05/29 4:23:33,2020/05/29 5:38:56,NULL,18.0,ISO15118,Credit Card,Standard,0.1,1.8,0,18,16,5,4
2020/09/20 6:49:21,2020/09/20 8:15:42,NULL,17.2,OCCP,Credit Card,Military,0.04,0.69,0,17,23,134,1
2020/03/02 4:28:40,2020/03/02 6:44:32,34.9,35.4,OCPI,Credit Card,Standard,0.1,3.54,0,35,20,191,5
2020/04/28 11:4:47,2020/04/28 13:33:16,NULL,18.3,OCCP,Credit Card,Fast Pro,0.16,2.93,0,18,5,58,5
2020/03/21 10:39:12,2020/03/21 12:55:52,33.9,33.9,OCCP,Credit Card,Discount,0.08,2.71,0,33,25,184,2
2020/11/06 16:12:12,2020/11/06 17:27:46,22.2,22.4,OpenADR,Credit Card,Discount,0.08,1.79,0,22,12,193,4
2020/05/17 18:7:25,2020/05/17 19:28:31,NULL,19.3,OpenADR,Credit Card,Discount,0.08,1.54,0,19,17,106,3
2020/04/18 7:19:47,2020/04/18 9:51:30,15.4,14.9,ISO15118,Credit Card,Fast Pro,0.16,2.38,0,14,29,68,3
2020/02/14 10:40:38,2020/02/14 12:24:24,16.3,15.9,OCPI,Credit Card,Discount,0.08,1.27,0,15,33,90,3
2020/03/14 2:6:23,2020/03/14 3:56:29,NULL,20.4,OpenADR,Credit Card,Fast Pro,0.16,2.72,54,20,16,165,1
2020/08/04 9:28:4,2020/08/04 11:25:37,NULL,26.5,ISO15118,Credit Card,Standard,0.1,2.65,0,26,8,161,5
2020/09/09 19:25:19,2020/09/09 21:23:14,28.9,28.8,OCHP,Credit Card,Fast Pro,0.16,4.61,0,28,10,164,3
2020/11/02 14:30:17,2020/11/02 15:40:37,NULL,18.6,OICP,Credit Card,Standard,0.1,1.86,0,18,16,51,4
2020/05/23 19:21:28,2020/05/23 21:35:0,NULL,26.0,OCCP,Credit Card,Fast Pro,0.16,2.27,189,26,33,189,6
2020/02/23 3:14:2,2020/02/23 5:38:57,16.8,16.5,OpenADR,Credit Card,Standard,0.1,1.65,0,16,18,188,2
2020/10/21 5:9:47,2020/10/21 7:42:18,25.7,25.4,OCHP,Credit Card,Standard,0.1,2.54,0,25,21,58,5
2020/08/20 10:31:39,2020/08/20 12:0:27,NULL,28.2,ISO15118,Credit Card,Fast Pro,0.16,4.51,0,28,8,77,5
2020/12/25 0:22:47,2020/12/25 1:36:50,NULL,33.1,OICP,Credit Card,Standard,0.1,3.31,0,33,2,168,4
2020/12/18 16:46:45,2020/12/18 18:15:19,NULL,35.5,ISO15118,Credit Card,Fast Pro,0.16,5.68,0,35,21,44,6
2020/01/13 1:33:22,2020/01/13 2:53:24,28.3,27.9,OCCP,Credit Card,Standard,0.1,2.79,0,27,26,154,5
2020/10/18 0:25:41,2020/10/18 1:43:53,22.8,23.2,OCPI,Credit Card,Fast Pro,0.16,3.71,0,23,4,104,1
2020/08/29 3:10:34,2020/08/29 4:27:30,35.8,35.5,OpenADR,Credit Card,Military,0.04,1.42,0,35,17,48,5
2020/10/10 9:34:52,2020/10/10 10:57:1,NULL,28.9,ISO15118,Credit Card,Standard,0.1,2.89,0,28,18,80,4
2020/03/24 2:2:36,2020/03/24 3:58:13,NULL,23.3,OICP,Credit Card,Standard,0.1,2.33,0,23,19,136,2
2020/06/14 15:19:20,2020/06/14 17:8:58,34.1,34.3,OpenADR,Credit Card,Fast Pro,0.16,5.49,0,34,4,179,3
2020/04/12 9:37:3,2020/04/12 11:5:30,NULL,24.6,OICP,Credit Card,Discount,0.08,1.97,0,24,32,28,4
2020/12/28 19:53:55,2020/12/28 20:41:17,NULL,34.4,OpenADR,Credit Card,Military,0.04,1.38,0,34,3,39,5
2020/09/05 13:26:26,2020/09/05 15:42:4,NULL,19.2,OpenADR,Credit Card,Discount,0.08,0.74,80,19,29,75,3
2020/04/22 18:27:52,2020/04/22 20:41:16,32.4,32.2,OCHP,Credit Card,Standard,0.1,2.0,122,32,31,59,4
2020/12/23 3:10:5,2020/12/23 5:52:35,NULL,31.0,OCPI,Credit Card,Fast Pro,0.16,4.96,0,31,1,136,6
2020/02/27 11:56:20,2020/02/27 13:3:35,15.4,15.6,ISO15118,Credit Card,Discount,0.08,1.25,0,15,14,56,5
2020/08/14 19:45:46,2020/08/14 20:9:23,29.7,30.0,OCHP,Credit Card,Fast Pro,0.16,2.93,187,30,15,38,6
2020/06/21 0:53:47,2020/06/21 1:41:24,NULL,27.7,ISO15118,Credit Card,Military,0.04,1.11,0,27,5,172,4
2020/02/21 9:31:7,2020/02/21 10:9:4,NULL,34.6,OpenADR,Credit Card,Standard,0.1,3.46,0,34,19,119,2
2020/08/27 8:55:42,2020/08/27 9:13:11,15.7,15.5,OCHP,Credit Card,Standard,0.1,1.0,55,15,1,12,2
2020/10/22 5:7:6,2020/10/22 7:44:31,NULL,30.5,OCCP,Credit Card,Standard,0.1,3.05,0,30,34,139,3
2020/01/05 13:53:54,2020/01/05 15:22:51,27.8,28.7,ISO15118,Credit Card,Discount,0.08,2.3,0,28,32,32,3
2020/02/23 1:49:31,2020/02/23 2:46:33,23.0,22.7,OICP,Credit Card,Fast Pro,0.16,3.5,13,22,11,37,1
2020/11/02 15:14:28,2020/11/02 17:41:26,NULL,16.0,OCHP,Credit Card,Fast Pro,0.16,2.56,0,16,31,14,3
2020/03/08 8:41:5,2020/03/08 10:29:34,36.4,36.6,OCPI,Credit Card,Fast Pro,0.16,5.86,0,36,2,68,1
2020/03/05 12:52:32,2020/03/05 13:21:19,NULL,33.5,OCHP,Credit Card,Discount,0.08,2.68,0,33,3,118,4
2020/09/12 14:31:26,2020/09/12 16:27:41,21.5,22.1,OCHP,Credit Card,Fast Pro,0.16,3.54,0,22,34,71,1
2020/10/09 2:56:19,2020/10/09 3:42:18,NULL,32.6,OCPI,Credit Card,Military,0.04,1.3,0,32,25,64,2
2020/12/22 5:10:35,2020/12/22 7:15:51,NULL,33.4,OCHP,Credit Card,Standard,0.1,1.48,186,33,33,35,4
2020/09/08 15:58:4,2020/09/08 16:51:47,NULL,29.1,OCHP,Credit Card,Standard,0.1,2.91,0,29,12,166,5
2020/06/15 4:43:21,2020/06/15 6:5:0,20.5,20.6,OCPI,Credit Card,Standard,0.1,2.06,0,20,35,164,5
2020/12/19 10:33:23,2020/12/19 12:52:17,NULL,15.7,OICP,Credit Card,Standard,0.1,1.57,0,15,3,75,3
2020/01/29 0:29:44,2020/01/29 1:45:52,NULL,18.0,ISO15118,Credit Card,Standard,0.1,1.8,0,18,14,4,4
2020/06/10 13:58:17,2020/06/10 15:8:9,26.7,27.4,OpenADR,Credit Card,Standard,0.1,2.74,0,27,20,191,1
2020/01/13 19:39:57,2020/01/13 20:10:12,NULL,33.6,OCHP,Credit Card,Discount,0.08,2.69,0,33,6,165,5
2020/01/10 17:22:31,2020/01/10 18:2:23,18.3,18.5,OCCP,Credit Card,Standard,0.1,0.73,112,18,9,83,5
2020/04/17 7:32:2,2020/04/17 8:48:8,NULL,21.1,OpenADR,Credit Card,Standard,0.1,0.75,136,21,25,128,4
2020/12/23 8:56:9,2020/12/23 9:54:24,NULL,23.8,OpenADR,Credit Card,Fast Pro,0.16,2.67,114,23,12,181,1
2020/11/06 5:12:47,2020/11/06 6:8:46,NULL,27.7,OCPI,Credit Card,Fast Pro,0.16,4.43,0,27,34,124,5
2020/08/07 5:55:20,2020/08/07 7:38:32,NULL,29.5,ISO15118,Credit Card,Standard,0.1,2.95,0,29,22,193,1
2020/07/19 9:12:3,2020/07/19 10:10:50,15.1,15.0,ISO15118,Credit Card,Discount,0.08,1.2,0,15,24,181,6
2020/12/28 5:56:11,2020/12/28 6:10:58,22.2,21.9,OCHP,Credit Card,Fast Pro,0.16,3.5,0,21,14,177,6
2020/02/01 3:32:56,2020/02/01 4:39:11,19.7,20.2,OpenADR,Credit Card,Fast Pro,0.16,1.58,165,20,31,18,2
2020/09/07 19:28:12,2020/09/07 20:56:49,24.1,24.9,OCHP,Credit Card,Military,0.04,1.0,0,24,6,147,5
2020/04/09 14:8:32,2020/04/09 15:31:24,NULL,24.4,OCHP,Credit Card,Standard,0.1,2.44,0,24,6,11,4
2020/12/08 14:16:46,2020/12/08 15:16:32,35.5,35.3,OICP,Credit Card,Fast Pro,0.16,5.65,0,35,17,98,5
2020/09/25 18:35:1,2020/09/25 20:48:36,NULL,30.9,OCCP,Credit Card,Standard,0.1,1.36,173,30,10,65,6
2020/09/13 14:24:14,2020/09/13 15:1:8,28.4,28.7,OCHP,Credit Card,Standard,0.1,2.87,0,28,27,106,4
2020/07/30 8:36:37,2020/07/30 9:21:20,32.5,32.2,OpenADR,Credit Card,Discount,0.08,2.58,0,32,32,40,3
2020/02/09 12:29:2,2020/02/09 14:25:25,NULL,29.9,OICP,Credit Card,Standard,0.1,2.78,21,29,11,74,3
2020/07/28 4:54:33,2020/07/28 6:32:2,16.1,16.6,OICP,Credit Card,Standard,0.1,0.24,190,16,2,29,1
2020/03/06 3:5:29,2020/03/06 4:1:44,NULL,27.6,OCHP,Credit Card,Military,0.04,1.1,0,27,10,96,6
2020/07/10 9:11:18,2020/07/10 11:45:24,30.1,31.0,ISO15118,Credit Card,Fast Pro,0.16,3.99,97,31,7,57,4
2020/09/30 0:27:4,2020/09/30 1:24:6,NULL,35.0,OCCP,Credit Card,Discount,0.08,2.8,0,35,16,175,1
2020/01/07 15:45:45,2020/01/07 16:49:10,NULL,18.6,ISO15118,Credit Card,Fast Pro,0.16,2.98,0,18,9,130,4
2020/06/30 0:34:56,2020/06/30 1:33:19,33.4,32.9,ISO15118,Credit Card,Standard,0.1,3.29,0,32,17,84,5
2020/12/27 3:27:32,2020/12/27 5:37:29,NULL,21.9,ISO15118,Credit Card,Discount,0.08,1.75,0,21,4,9,3
2020/02/08 19:18:14,2020/02/08 20:12:10,36.1,36.5,OpenADR,Credit Card,Standard,0.1,3.65,0,36,26,77,2
2020/03/16 7:22:25,2020/03/16 9:53:52,NULL,22.8,ISO15118,Credit Card,Discount,0.08,1.82,0,22,3,20,6
2020/07/15 0:27:16,2020/07/15 1:2:53,NULL,36.3,OCPI,Credit Card,Standard,0.1,3.63,0,36,30,102,5
2020/12/14 7:32:24,2020/12/14 8:10:22,NULL,32.8,OpenADR,Credit Card,Discount,0.08,2.62,0,32,23,81,1
2020/07/28 10:23:57,2020/07/28 11:2:16,NULL,26.2,OCPI,Credit Card,Discount,0.08,0.3,180,26,19,3,6
2020/05/06 16:56:10,2020/05/06 18:51:17,36.3,35.8,OICP,Credit Card,Fast Pro,0.16,5.73,0,35,6,19,3
2020/04/26 2:17:46,2020/04/26 4:39:50,NULL,36.9,ISO15118,Credit Card,Standard,0.1,3.16,53,36,25,54,4
2020/08/06 8:14:44,2020/08/06 9:44:14,NULL,17.1,OICP,Credit Card,Standard,0.1,1.71,0,17,11,83,3
2020/02/08 13:23:30,2020/02/08 15:31:24,25.6,25.6,OCCP,Credit Card,Fast Pro,0.16,4.1,0,25,10,135,2
2020/04/28 8:3:45,2020/04/28 10:0:33,NULL,26.2,OCPI,Credit Card,Standard,0.1,2.62,0,26,4,44,1
2020/03/14 16:28:34,2020/03/14 17:31:25,NULL,19.9,OCPI,Credit Card,Standard,0.1,1.99,0,19,12,7,4
2020/09/14 6:5:11,2020/09/14 8:47:4,18.7,19.3,OCCP,Credit Card,Standard,0.1,1.93,0,19,2,17,1
2020/05/17 5:8:27,2020/05/17 7:50:0,32.7,33.6,OCHP,Credit Card,Standard,0.1,3.36,0,33,32,134,3
2020/12/15 6:8:26,2020/12/15 7:27:41,17.6,18.0,OCCP,Credit Card,Standard,0.1,1.8,0,18,22,105,4
2020/11/06 12:20:40,2020/11/06 14:15:32,NULL,24.3,OICP,Credit Card,Standard,0.1,2.43,0,24,23,56,2
2020/12/14 17:8:34,2020/12/14 18:16:28,NULL,17.6,ISO15118,Credit Card,Discount,0.08,1.41,0,17,11,151,4
2020/08/16 8:26:25,2020/08/16 9:19:33,17.5,17.0,OCHP,Credit Card,Fast Pro,0.16,2.72,0,17,24,177,4
2020/05/02 5:33:44,2020/05/02 7:28:52,NULL,18.7,OpenADR,Credit Card,Standard,0.1,1.87,0,18,22,50,3
2020/09/24 14:37:29,2020/09/24 16:11:33,29.5,30.0,OCCP,Credit Card,Fast Pro,0.16,4.8,0,30,32,118,3
2020/05/24 10:4:35,2020/05/24 12:2:29,35.4,35.2,OICP,Credit Card,Standard,0.1,3.52,0,35,30,190,2
2020/09/11 17:14:50,2020/09/11 18:27:45,37.4,37.5,OCCP,Credit Card,Discount,0.08,3.0,0,37,1,149,1
2020/08/01 13:10:21,2020/08/01 14:7:57,20.3,21.2,OCCP,Credit Card,Fast Pro,0.16,3.39,0,21,3,157,2
2020/08/16 0:31:40,2020/08/16 2:0:46,27.2,28.0,OpenADR,Credit Card,Standard,0.1,2.8,0,28,15,54,6
2020/11/23 17:26:7,2020/11/23 18:43:17,NULL,35.3,OCPI,Credit Card,Fast Pro,0.16,5.65,0,35,7,4,2
2020/06/08 3:15:10,2020/06/08 5:47:12,36.7,37.1,ISO15118,Credit Card,Discount,0.08,2.61,36,37,28,75,2
2020/08/05 1:13:3,2020/08/05 3:29:39,15.4,15.9,OICP,Credit Card,Fast Pro,0.16,1.79,75,15,32,198,1
2020/03/04 1:38:11,2020/03/04 3:55:39,27.2,27.6,OCHP,Credit Card,Standard,0.1,2.76,0,27,30,27,6
2020/03/16 19:41:7,2020/03/16 21:47:21,24.6,24.5,OCPI,Credit Card,Standard,0.1,2.45,0,24,27,24,3
2020/07/20 19:48:28,2020/07/20 20:49:29,24.6,24.4,OCPI,Credit Card,Standard,0.1,2.18,26,24,21,20,4
2020/09/17 3:20:38,2020/09/17 5:0:41,36.4,36.9,ISO15118,Credit Card,Standard,0.1,3.69,0,36,9,158,5
2020/04/29 2:49:49,2020/04/29 4:24:54,NULL,21.1,OpenADR,Credit Card,Fast Pro,0.16,3.38,0,21,16,83,3
2020/08/22 14:32:8,2020/08/22 15:52:46,36.8,37.7,OICP,Credit Card,Fast Pro,0.16,6.03,0,37,14,84,5
2020/10/15 2:44:55,2020/10/15 4:48:28,31.7,31.4,OCPI,Credit Card,Standard,0.1,3.14,0,31,3,92,6
2020/11/12 4:2:19,2020/11/12 6:22:24,16.3,16.7,OCPI,Credit Card,Standard,0.1,1.35,32,16,6,97,6
2020/11/26 0:52:17,2020/11/26 1:52:11,22.4,22.8,OCHP,Credit Card,Fast Pro,0.16,3.07,58,22,33,84,2
2020/11/12 12:28:48,2020/11/12 14:49:44,27.1,27.1,OCPI,Credit Card,Standard,0.1,2.71,0,27,1,149,1
2020/11/07 7:31:22,2020/11/07 8:45:4,36.4,36.0,ISO15118,Credit Card,Fast Pro,0.16,5.76,0,36,1,47,2
2020/10/13 3:52:8,2020/10/13 5:14:53,29.4,30.1,OICP,Credit Card,Discount,0.08,2.41,0,30,26,154,2
2020/10/16 1:45:46,2020/10/16 2:46:29,NULL,33.9,ISO15118,Credit Card,Standard,0.1,3.39,0,33,4,140,4
2020/01/06 10:53:9,2020/01/06 11:27:19,16.9,17.1,OICP,Credit Card,Standard,0.1,0.23,194,17,27,71,2
2020/01/21 7:31:38,2020/01/21 9:23:50,NULL,24.5,OpenADR,Credit Card,Discount,0.08,1.96,0,24,24,27,5
2020/02/20 12:22:45,2020/02/20 13:6:30,24.1,24.0,OCHP,Credit Card,Fast Pro,0.16,3.84,0,24,21,180,1
2020/10/17 13:39:52,2020/10/17 15:56:48,31.5,31.6,OCCP,Credit Card,Fast Pro,0.16,5.06,0,31,31,183,1
2020/11/16 6:35:48,2020/11/16 7:11:30,25.1,24.6,OpenADR,Credit Card,Discount,0.08,0.91,106,24,13,80,1
2020/08/21 14:42:13,2020/08/21 16:34:41,NULL,34.9,OCPI,Credit Card,Standard,0.1,3.49,0,34,18,186,5
2020/09/19 4:6:36,2020/09/19 5:39:20,NULL,23.6,OCHP,Credit Card,Discount,0.08,1.89,0,23,28,128,3
2020/01/07 8:31:4,2020/01/07 9:6:5,NULL,26.5,OpenADR,Credit Card,Discount,0.08,2.12,0,26,28,15,1
2020/09/20 7:22:36,2020/09/20 8:11:17,NULL,23.6,OCPI,Credit Card,Standard,0.1,2.36,0,23,5,187,6
2020/03/21 0:55:18,2020/03/21 2:40:18,NULL,31.1,OCPI,Credit Card,Standard,0.1,3.11,0,31,5,29,1
2020/06/16 12:1:7,2020/06/16 14:10:57,NULL,33.4,OCCP,Credit Card,Discount,0.08,2.67,0,33,13,23,5
2020/03/07 11:46:1,2020/03/07 13:14:35,NULL,32.3,OCPI,Credit Card,Standard,0.1,3.23,0,32,34,179,2
2020/05/10 10:25:3,2020/05/10 11:24:3,27.8,27.3,OCCP,Credit Card,Standard,0.1,2.73,0,27,14,16,1
2020/10/02 9:56:53,2020/10/02 11:20:5,28.3,28.6,ISO15118,Credit Card,Discount,0.08,2.29,0,28,13,187,1
2020/09/02 0:15:49,2020/09/02 2:57:34,35.6,36.5,OCCP,Credit Card,Fast Pro,0.16,5.84,0,36,5,34,4
2020/01/18 14:42:34,2020/01/18 15:21:3,17.5,18.4,ISO15118,Credit Card,Military,0.04,0.82,156,18,26,133,6
2020/06/22 11:4:49,2020/06/22 13:14:24,34.5,34.1,OCHP,Credit Card,Standard,0.1,3.41,0,34,23,126,5
2020/07/10 5:43:27,2020/07/10 7:49:6,NULL,24.4,OCPI,Credit Card,Discount,0.08,0.37,158,24,14,35,6
2020/06/03 6:36:24,2020/06/03 7:52:53,NULL,17.5,OCHP,Credit Card,Discount,0.08,1.4,0,17,30,187,1
2020/06/01 10:21:40,2020/06/01 11:4:17,NULL,16.2,ISO15118,Credit Card,Standard,0.1,1.62,0,16,26,58,5
2020/02/23 17:32:33,2020/02/23 18:28:35,21.3,21.4,OCPI,Credit Card,Standard,0.1,2.14,0,21,2,158,1
2020/06/11 1:24:21,2020/06/11 3:45:33,19.2,20.1,OICP,Credit Card,Fast Pro,0.16,3.22,0,20,29,47,3
2020/05/02 5:29:44,2020/05/02 6:27:57,NULL,22.9,OCHP,Credit Card,Standard,0.1,2.29,0,22,31,32,6
2020/07/04 4:19:22,2020/07/04 6:34:54,16.7,17.6,OCHP,Credit Card,Discount,0.08,1.2,21,17,14,114,4
2020/05/14 8:7:29,2020/05/14 9:42:7,NULL,36.1,OCHP,Credit Card,Fast Pro,0.16,5.78,0,36,34,42,3
2020/10/29 11:21:5,2020/10/29 13:0:12,26.4,27.2,ISO15118,Credit Card,Fast Pro,0.16,3.36,99,27,24,32,3
2020/10/21 11:8:46,2020/10/21 13:28:42,NULL,29.6,OCPI,Credit Card,Standard,0.1,2.96,0,29,26,55,4
2020/12/12 9:34:16,2020/12/12 10:29:21,28.8,29.2,OCPI,Credit Card,Military,0.04,0.22,139,29,12,128,2
2020/10/19 19:6:50,2020/10/19 20:35:30,17.1,17.0,ISO15118,Credit Card,Standard,0.1,1.7,0,17,5,71,3
2020/06/02 7:52:45,2020/06/02 8:32:30,24.3,24.1,OCHP,Credit Card,Military,0.04,0.73,169,24,33,18,1
2020/08/11 16:38:12,2020/08/11 18:52:53,20.8,20.3,ISO15118,Credit Card,Standard,0.1,1.82,21,20,23,188,5
2020/11/21 12:53:55,2020/11/21 14:2:25,NULL,19.9,ISO15118,Credit Card,Discount,0.08,1.59,0,19,7,144,3
2020/03/07 8:11:35,2020/03/07 9:14:26,35.6,35.8,OCCP,Credit Card,Fast Pro,0.16,5.73,0,35,19,85,4
2020/08/14 15:55:52,2020/08/14 16:5:19,NULL,17.6,ISO15118,Credit Card,Standard,0.1,1.76,0,17,31,154,1
2020/12/24 8:51:18,2020/12/24 10:47:0,NULL,16.8,OpenADR,Credit Card,Standard,0.1,1.68,0,16,16,4,2
2020/08/08 10:37:30,2020/08/08 12:19:19,31.1,31.2,OCCP,Credit Card,Fast Pro,0.16,4.99,0,31,4,177,6
2020/09/27 11:56:16,2020/09/27 12:44:57,NULL,27.2,OICP,Credit Card,Standard,0.1,0.84,188,27,12,112,5
2020/07/15 15:40:22,2020/07/15 16:14:41,NULL,38.0,ISO15118,Credit Card,Standard,0.1,3.8,0,38,23,70,3
2020/08/06 1:6:38,2020/08/06 2:43:10,NULL,19.6,ISO15118,Credit Card,Fast Pro,0.16,2.91,23,19,27,142,4
2020/07/04 16:10:18,2020/07/04 17:21:10,33.3,33.6,OCCP,Credit Card,Standard,0.1,3.36,0,33,9,104,4
2020/08/21 8:46:4,2020/08/21 10:20:25,30.1,31.0,OCHP,Credit Card,Standard,0.1,3.1,0,31,12,122,3
2020/01/04 6:51:55,2020/01/04 7:6:10,NULL,20.3,ISO15118,Credit Card,Discount,0.08,0.87,75,20,7,46,1
2020/04/16 6:31:25,2020/04/16 8:50:39,21.2,21.9,OpenADR,Credit Card,Discount,0.08,1.75,0,21,32,67,2
2020/10/08 16:41:2,2020/10/08 17:4:40,NULL,35.6,OpenADR,Credit Card,Military,0.04,0.71,71,35,14,3,2
2020/09/29 1:0:31,2020/09/29 2:17:19,NULL,29.1,OCCP,Credit Card,Fast Pro,0.16,3.15,151,29,7,166,2
2020/08/21 7:58:39,2020/08/21 9:26:28,26.8,26.8,OICP,Credit Card,Discount,0.08,2.14,0,26,28,81,2
2020/04/01 14:16:8,2020/04/01 15:23:24,32.1,32.8,OCPI,Credit Card,Standard,0.1,1.48,180,32,30,115,5
2020/02/07 11:43:57,2020/02/07 13:11:38,28.3,28.8,OICP,Credit Card,Fast Pro,0.16,4.61,0,28,2,66,1
2020/12/06 15:18:17,2020/12/06 16:45:4,21.5,21.5,ISO15118,Credit Card,Standard,0.1,1.73,42,21,4,138,2
2020/01/29 12:36:22,2020/01/29 13:44:12,NULL,28.9,ISO15118,Credit Card,Military,0.04,1.16,0,28,17,50,6
2020/03/12 16:27:10,2020/03/12 18:37:11,NULL,34.6,OCCP,Credit Card,Fast Pro,0.16,4.09,145,34,27,16,3
2020/07/09 7:29:12,2020/07/09 8:54:42,37.1,37.1,OCHP,Credit Card,Military,0.04,1.48,0,37,19,191,3
2020/11/27 17:45:38,2020/11/27 18:6:40,20.4,21.2,OCCP,Credit Card,Standard,0.1,2.12,0,21,28,47,6
2020/01/06 6:17:2,2020/01/06 8:7:28,22.6,22.2,OCCP,Credit Card,Standard,0.1,0.88,134,22,21,105,2
2020/12/23 10:12:16,2020/12/23 11:52:10,NULL,16.9,OCCP,Credit Card,Standard,0.1,1.35,34,16,24,129,4
2020/02/20 7:15:53,2020/02/20 9:9:13,NULL,23.7,ISO15118,Credit Card,Discount,0.08,1.53,37,23,31,15,2
2020/08/26 12:32:31,2020/08/26 14:17:35,28.0,28.5,OpenADR,Credit Card,Standard,0.1,2.85,0,28,13,102,1
2020/08/07 2:15:12,2020/08/07 3:26:5,NULL,37.9,OCPI,Credit Card,Standard,0.1,3.79,0,37,2,2,4
2020/08/24 5:10:2,2020/08/24 6:32:12,NULL,20.1,ISO15118,Credit Card,Standard,0.1,2.01,0,20,2,137,2
2020/11/20 3:0:53,2020/11/20 5:1:29,36.8,36.6,ISO15118,Credit Card,Standard,0.1,3.66,0,36,1,7,5
2020/07/02 8:50:8,2020/07/02 9:14:58,NULL,22.9,OCCP,Credit Card,Fast Pro,0.16,3.66,0,22,2,77,6
2020/02/23 0:47:58,2020/02/23 2:53:33,NULL,33.2,OpenADR,Credit Card,Fast Pro,0.16,4.05,126,33,6,199,2
2020/08/19 10:11:51,2020/08/19 11:19:15,NULL,22.6,OICP,Credit Card,Military,0.04,0.9,0,22,13,186,5
2020/05/27 7:25:34,2020/05/27 8:5:33,NULL,19.4,OCCP,Credit Card,Fast Pro,0.16,3.1,0,19,1,49,2
2020/10/03 19:3:34,2020/10/03 21:54:40,36.4,36.4,OCHP,Credit Card,Fast Pro,0.16,4.88,94,36,34,85,5
2020/06/19 14:10:44,2020/06/19 15:10:47,NULL,34.5,OpenADR,Credit Card,Discount,0.08,2.76,0,34,13,158,4
2020/04/14 7:35:13,2020/04/14 9:8:56,NULL,33.4,OCCP,Credit Card,Standard,0.1,3.34,0,33,13,30,3
2020/10/17 1:52:54,2020/10/17 3:20:52,30.4,31.2,OCPI,Credit Card,Standard,0.1,3.12,0,31,33,32,5
2020/06/03 6:58:40,2020/06/03 7:22:40,35.2,35.0,OICP,Credit Card,Discount,0.08,2.8,0,35,26,169,2
2020/07/15 11:7:52,2020/07/15 13:22:14,NULL,24.6,ISO15118,Credit Card,Discount,0.08,1.97,0,24,15,194,5
2020/06/29 6:18:11,2020/06/29 8:33:23,NULL,27.5,OCPI,Credit Card,Discount,0.08,2.2,0,27,34,59,3
2020/01/04 7:29:3,2020/01/04 8:3:50,NULL,22.7,OCCP,Credit Card,Standard,0.1,2.27,0,22,16,14,4
2020/08/14 0:8:52,2020/08/14 2:52:43,NULL,28.1,OCCP,Credit Card,Discount,0.08,2.25,0,28,34,18,1
2020/10/04 19:38:1,2020/10/04 21:58:16,NULL,30.8,ISO15118,Credit Card,Fast Pro,0.16,4.93,0,30,14,176,4
2020/11/22 12:26:58,2020/11/22 13:9:27,NULL,34.5,OCPI,Credit Card,Discount,0.08,2.76,0,34,1,95,5
2020/06/08 19:6:9,2020/06/08 21:44:50,25.4,26.0,OCCP,Credit Card,Standard,0.1,2.6,0,26,21,180,6
2020/10/12 1:54:27,2020/10/12 3:24:10,26.4,27.0,OICP,Credit Card,Discount,0.08,2.16,0,27,21,85,1
2020/03/26 16:5:11,2020/03/26 18:13:48,36.4,36.8,OCCP,Credit Card,Discount,0.08,1.14,180,36,19,144,3
2020/11/03 7:5:55,2020/11/03 9:42:9,35.9,36.1,OICP,Credit Card,Discount,0.08,2.89,0,36,1,85,5
2020/09/30 13:24:14,2020/09/30 14:39:37,NULL,34.8,OpenADR,Credit Card,Fast Pro,0.16,3.92,165,34,16,33,5
2020/09/05 13:4:47,2020/09/05 14:29:8,15.5,15.5,ISO15118,Credit Card,Fast Pro,0.16,1.42,106,15,8,73,2
2020/01/21 2:7:49,2020/01/21 4:40:6,NULL,18.1,OCPI,Credit Card,Discount,0.08,1.45,0,18,25,75,5
2020/06/19 9:7:35,2020/06/19 11:22:49,24.6,24.1,ISO15118,Credit Card,Standard,0.1,2.41,0,24,32,102,5
2020/08/09 13:46:2,2020/08/09 15:28:32,27.1,26.7,OCCP,Credit Card,Discount,0.08,2.14,0,26,28,82,4
2020/10/15 13:4:33,2020/10/15 14:9:33,17.6,18.3,OCCP,Credit Card,Standard,0.1,1.23,60,18,17,187,1
2020/06/18 19:40:42,2020/06/18 20:17:55,NULL,15.3,OCPI,Credit Card,Standard,0.1,1.53,0,15,32,199,2
2020/12/07 9:10:0,2020/12/07 10:41:17,37.0,37.2,OCHP,Credit Card,Military,0.04,1.49,0,37,13,152,1
2020/06/29 3:47:33,2020/06/29 5:24:20,NULL,18.3,OCPI,Credit Card,Standard,0.1,1.83,0,18,14,109,2
2020/03/24 19:53:40,2020/03/24 21:7:19,NULL,23.7,ISO15118,Credit Card,Standard,0.1,1.59,78,23,14,72,1
2020/11/18 7:56:21,2020/11/18 9:33:1,NULL,20.4,OCCP,Credit Card,Fast Pro,0.16,3.26,0,20,12,124,2
2020/03/18 10:5:10,2020/03/18 12:20:48,NULL,15.6,OICP,Credit Card,Fast Pro,0.16,2.5,0,15,28,99,2
2020/07/26 10:34:49,2020/07/26 11:5:14,28.0,28.0,ISO15118,Credit Card,Fast Pro,0.16,4.48,0,28,4,131,5
2020/09/16 8:13:11,2020/09/16 9:47:11,NULL,28.5,OICP,Credit Card,Discount,0.08,1.4,88,28,12,131,1
2020/02/18 3:32:14,2020/02/18 4:20:12,21.3,22.0,OpenADR,Credit Card,Standard,0.1,2.2,0,22,16,181,3
2020/06/19 13:46:53,2020/06/19 15:46:19,25.7,25.9,OpenADR,Credit Card,Standard,0.1,2.59,0,25,30,120,1
2020/10/18 11:27:35,2020/10/18 12:15:57,17.5,17.1,OCCP,Credit Card,Fast Pro,0.16,2.74,0,17,4,159,4
2020/08/01 13:21:15,2020/08/01 15:42:21,NULL,30.9,ISO15118,Credit Card,Standard,0.1,3.09,0,30,17,134,2
2020/09/30 13:32:30,2020/09/30 15:3:14,NULL,21.7,OICP,Credit Card,Standard,0.1,2.17,0,21,21,170,1
2020/09/02 15:26:3,2020/09/02 17:49:38,NULL,37.4,OCCP,Credit Card,Standard,0.1,3.74,0,37,30,48,5
2020/05/26 19:15:13,2020/05/26 21:28:56,NULL,31.4,OCCP,Credit Card,Fast Pro,0.16,4.25,77,31,23,34,5
2020/09/19 13:38:23,2020/09/19 14:54:0,34.2,34.9,OICP,Credit Card,Fast Pro,0.16,5.58,0,34,27,80,3
2020/05/03 18:16:54,2020/05/03 20:19:6,21.6,21.1,OCHP,Credit Card,Military,0.04,0.62,22,21,27,86,5
2020/06/11 17:40:52,2020/06/11 18:12:51,NULL,24.0,ISO15118,Credit Card,Fast Pro,0.16,3.84,0,24,13,68,5
2020/12/05 5:11:29,2020/12/05 7:32:0,25.1,25.2,OpenADR,Credit Card,Discount,0.08,2.02,0,25,20,108,5
2020/02/15 15:2:17,2020/02/15 16:14:37,NULL,31.8,OCHP,Credit Card,Fast Pro,0.16,5.09,0,31,22,140,6
2020/08/17 2:41:51,2020/08/17 4:5:3,NULL,25.1,OCHP,Credit Card,Fast Pro,0.16,4.02,0,25,1,170,2
2020/09/10 1:37:24,2020/09/10 3:45:38,17.4,16.9,OpenADR,Credit Card,Standard,0.1,1.69,0,16,34,114,3
2020/02/04 10:52:10,2020/02/04 12:22:21,17.8,17.7,OCPI,Credit Card,Discount,0.08,1.24,18,17,27,149,4
2020/07/10 8:10:23,2020/07/10 10:22:24,21.9,22.0,OCCP,Credit Card,Discount,0.08,1.76,0,22,4,9,5
2020/03/28 8:22:27,2020/03/28 9:11:27,NULL,14.9,OCCP,Credit Card,Standard,0.1,1.49,0,14,5,188,3
2020/01/14 18:30:3,2020/01/14 19:33:56,NULL,27.2,OpenADR,Credit Card,Fast Pro,0.16,2.41,194,27,18,99,6
2020/01/21 1:14:11,2020/01/21 2:27:58,NULL,26.7,OCPI,Credit Card,Fast Pro,0.16,4.27,0,26,9,78,3
2020/10/29 14:1:50,2020/10/29 15:24:38,NULL,20.1,ISO15118,Credit Card,Discount,0.08,1.61,0,20,27,104,6
2020/01/12 7:18:32,2020/01/12 8:39:13,31.5,31.9,OpenADR,Credit Card,Standard,0.1,3.19,0,31,30,87,6
2020/06/07 1:51:15,2020/06/07 2:9:15,NULL,27.4,OCPI,Credit Card,Standard,0.1,2.74,0,27,8,75,1
2020/02/08 2:24:41,2020/02/08 4:22:17,NULL,37.8,OCCP,Credit Card,Discount,0.08,3.02,0,37,23,194,5
2020/06/03 5:41:45,2020/06/03 6:7:50,30.9,31.2,OCHP,Credit Card,Standard,0.1,3.12,0,31,10,161,5
2020/06/04 9:33:41,2020/06/04 11:33:46,NULL,34.4,OICP,Credit Card,Standard,0.1,1.61,183,34,31,13,4
2020/06/30 3:38:8,2020/06/30 5:39:25,35.7,35.4,ISO15118,Credit Card,Fast Pro,0.16,4.71,95,35,29,58,1
2020/02/10 2:4:3,2020/02/10 3:17:36,NULL,23.8,OpenADR,Credit Card,Discount,0.08,1.5,40,23,23,183,3
2020/01/24 2:47:10,2020/01/24 3:58:26,25.6,26.4,OICP,Credit Card,Standard,0.1,2.64,0,26,21,167,4
2020/09/23 1:46:51,2020/09/23 3:30:44,17.9,18.0,OCPI,Credit Card,Discount,0.08,1.44,0,18,4,173,5
2020/07/05 1:56:20,2020/07/05 2:57:33,NULL,15.3,OCHP,Credit Card,Standard,0.1,1.53,0,15,10,145,6
2020/11/09 1:28:57,2020/11/09 2:1:30,NULL,29.9,OICP,Credit Card,Standard,0.1,2.99,0,29,14,48,5
2020/10/11 8:31:40,2020/10/11 10:23:28,23.1,23.5,OCHP,Credit Card,Fast Pro,0.16,3.76,0,23,26,32,6
2020/12/29 15:14:11,2020/12/29 16:49:19,NULL,32.6,OCHP,Credit Card,Standard,0.1,3.26,0,32,10,34,4
2020/02/24 12:13:37,2020/02/24 13:5:5,25.3,25.0,ISO15118,Credit Card,Fast Pro,0.16,4.0,0,25,26,15,1
2020/08/19 11:39:39,2020/08/19 12:26:22,30.7,30.4,ISO15118,Credit Card,Discount,0.08,2.43,0,30,6,199,4
2020/01/20 12:30:4,2020/01/20 13:57:34,NULL,33.3,OCPI,Credit Card,Standard,0.1,3.33,0,33,21,137,6
2020/06/19 19:56:48,2020/06/19 21:25:51,NULL,31.6,OpenADR,Credit Card,Standard,0.1,3.16,0,31,1,2,4
2020/01/19 2:13:49,2020/01/19 4:25:38,NULL,23.3,OICP,Credit Card,Standard,0.1,2.33,0,23,1,165,3
2020/01/25 7:50:39,2020/01/25 9:38:48,NULL,32.5,OCHP,Credit Card,Fast Pro,0.16,5.2,0,32,3,198,6
2020/08/26 19:17:15,2020/08/26 21:49:30,NULL,34.8,OCCP,Credit Card,Fast Pro,0.16,5.57,0,34,32,88,3
2020/01/19 15:9:20,2020/01/19 16:56:41,NULL,16.6,OCCP,Credit Card,Standard,0.1,0.29,195,16,18,103,3
2020/08/05 17:43:2,2020/08/05 18:57:25,NULL,14.8,OpenADR,Credit Card,Fast Pro,0.16,2.37,0,14,6,80,1
2020/12/25 16:44:34,2020/12/25 17:55:30,NULL,30.2,OCPI,Credit Card,Fast Pro,0.16,4.83,0,30,21,169,6
2020/04/09 0:18:52,2020/04/09 1:25:2,NULL,16.0,OICP,Credit Card,Discount,0.08,1.28,0,16,22,54,6
2020/03/05 13:9:25,2020/03/05 15:2:44,NULL,18.4,OpenADR,Credit Card,Discount,0.08,1.47,0,18,17,53,1
2020/01/23 19:14:57,2020/01/23 21:39:24,NULL,26.5,OpenADR,Credit Card,Standard,0.1,2.65,0,26,10,179,3
2020/08/12 10:35:20,2020/08/12 11:40:21,30.3,30.2,OpenADR,Credit Card,Fast Pro,0.16,4.68,15,30,16,90,2
2020/09/24 2:15:40,2020/09/24 3:50:38,NULL,32.5,OCCP,Credit Card,Discount,0.08,2.6,0,32,24,130,1
2020/10/25 3:7:18,2020/10/25 4:42:46,NULL,33.5,OCPI,Credit Card,Fast Pro,0.16,5.21,15,33,1,79,2
2020/12/03 8:56:0,2020/12/03 10:2:7,28.0,28.6,OCPI,Credit Card,Military,0.04,0.7,44,28,32,141,6
2020/12/03 12:18:40,2020/12/03 13:46:48,NULL,26.6,OICP,Credit Card,Standard,0.1,2.66,0,26,6,26,5
2020/01/06 6:0:53,2020/01/06 7:45:34,NULL,17.6,OICP,Credit Card,Fast Pro,0.16,2.82,0,17,13,163,6
2020/12/09 18:44:29,2020/12/09 19:42:19,20.9,20.9,OCCP,Credit Card,Standard,0.1,0.48,161,20,8,43,3
2020/05/05 4:8:43,2020/05/05 6:55:50,NULL,24.8,OpenADR,Credit Card,Fast Pro,0.16,3.97,0,24,20,160,6
2020/06/04 5:26:12,2020/06/04 6:53:3,NULL,35.6,OpenADR,Credit Card,Fast Pro,0.16,5.7,0,35,9,137,4
2020/08/06 15:52:26,2020/08/06 16:19:9,NULL,18.8,OpenADR,Credit Card,Discount,0.08,1.5,0,18,15,59,4
2020/02/03 1:7:47,2020/02/03 3:56:23,36.5,36.7,OCPI,Credit Card,Standard,0.1,3.41,26,36,20,94,6
2020/02/15 10:48:29,2020/02/15 12:40:9,35.3,36.1,ISO15118,Credit Card,Standard,0.1,3.61,0,36,28,166,3
2020/12/28 18:44:29,2020/12/28 19:0:27,26.5,26.7,OCPI,Credit Card,Discount,0.08,2.14,0,26,2,137,5
2020/12/17 10:34:57,2020/12/17 12:12:48,22.8,22.8,OICP,Credit Card,Fast Pro,0.16,2.66,99,22,19,64,4
2020/11/23 14:45:25,2020/11/23 15:49:50,23.7,24.3,OCHP,Credit Card,Fast Pro,0.16,3.89,0,24,4,152,2
2020/08/28 1:51:14,2020/08/28 3:50:52,NULL,18.6,OCHP,Credit Card,Standard,0.1,1.86,0,18,11,145,6
2020/03/27 11:24:30,2020/03/27 12:31:40,NULL,29.7,OCPI,Credit Card,Standard,0.1,2.97,0,29,14,61,2
2020/12/04 5:23:20,2020/12/04 6:18:37,21.2,21.8,OCPI,Credit Card,Standard,0.1,2.18,0,21,3,179,6
2020/01/31 0:34:46,2020/01/31 1:4:0,NULL,32.9,OCPI,Credit Card,Military,0.04,1.04,28,32,3,164,3
2020/09/05 12:22:6,2020/09/05 14:23:2,24.8,25.0,OpenADR,Credit Card,Fast Pro,0.16,4.0,0,25,17,90,1
2020/11/20 14:32:38,2020/11/20 16:44:25,NULL,15.6,OCPI,Credit Card,Standard,0.1,1.56,0,15,19,55,2
2020/02/09 12:11:37,2020/02/09 14:42:30,37.1,37.0,OpenADR,Credit Card,Fast Pro,0.16,5.92,0,37,13,170,1
2020/01/27 19:9:27,2020/01/27 20:46:55,20.4,20.5,OCCP,Credit Card,Discount,0.08,1.64,0,20,13,174,4
2020/11/22 15:29:29,2020/11/22 17:57:30,NULL,27.1,ISO15118,Credit Card,Discount,0.08,0.31,186,27,4,37,6
2020/04/28 1:30:35,2020/04/28 3:43:2,NULL,35.8,OICP,Credit Card,Standard,0.1,3.58,0,35,18,80,6
2020/08/04 11:58:50,2020/08/04 13:55:41,NULL,29.5,OICP,Credit Card,Fast Pro,0.16,3.22,150,29,33,53,5
2020/06/06 11:36:43,2020/06/06 12:48:3,26.4,26.7,OCPI,Credit Card,Discount,0.08,2.14,0,26,9,29,6
2020/12/10 13:21:25,2020/12/10 15:26:51,NULL,19.9,OICP,Credit Card,Standard,0.1,1.99,0,19,4,29,4
2020/08/12 4:2:45,2020/08/12 5:19:44,37.0,37.1,OCPI,Credit Card,Standard,0.1,1.92,179,37,25,23,5
2020/02/16 19:34:6,2020/02/16 20:58:22,NULL,32.4,OICP,Credit Card,Standard,0.1,3.24,0,32,16,48,2
2020/12/20 12:30:34,2020/12/20 13:11:49,31.1,31.0,OpenADR,Credit Card,Discount,0.08,0.54,194,31,18,11,3
2020/11/17 14:20:13,2020/11/17 16:48:36,NULL,16.7,OCCP,Credit Card,Standard,0.1,0.84,83,16,9,176,3
2020/10/29 13:12:48,2020/10/29 14:13:27,NULL,27.8,OCHP,Credit Card,Fast Pro,0.16,4.45,0,27,10,144,5
2020/09/27 10:9:13,2020/09/27 11:37:17,16.4,16.9,OCHP,Credit Card,Military,0.04,0.68,0,16,29,174,5
2020/02/02 12:29:35,2020/02/02 13:10:58,NULL,34.9,OpenADR,Credit Card,Fast Pro,0.16,5.12,46,34,10,11,1
2020/07/27 6:55:49,2020/07/27 8:41:13,33.0,33.5,OpenADR,Credit Card,Military,0.04,1.34,0,33,8,118,2
2020/05/17 5:52:13,2020/05/17 6:41:22,30.1,30.0,OICP,Credit Card,Standard,0.1,3.0,0,30,6,130,6
2020/02/11 17:36:53,2020/02/11 19:55:13,NULL,35.6,OpenADR,Credit Card,Standard,0.1,3.56,0,35,9,16,1
2020/02/17 11:17:14,2020/02/17 12:23:41,30.6,30.3,OCCP,Credit Card,Standard,0.1,3.03,0,30,11,199,5
2020/02/16 10:18:37,2020/02/16 11:7:17,NULL,30.3,ISO15118,Credit Card,Discount,0.08,1.92,50,30,7,144,6
2020/11/28 14:30:15,2020/11/28 16:39:6,28.6,28.5,OCCP,Credit Card,Fast Pro,0.16,4.56,0,28,21,8,6
2020/05/27 4:16:54,2020/05/27 5:28:21,30.0,29.6,OICP,Credit Card,Fast Pro,0.16,2.98,176,29,26,123,6
2020/12/03 8:38:30,2020/12/03 10:18:4,18.5,18.3,OCHP,Credit Card,Military,0.04,0.65,8,18,33,13,2
2020/03/19 17:6:32,2020/03/19 18:25:38,NULL,20.7,OpenADR,Credit Card,Fast Pro,0.16,3.31,0,20,15,96,5
2020/08/27 2:48:33,2020/08/27 4:46:11,37.2,38.1,OICP,Credit Card,Standard,0.1,3.81,0,38,13,188,5
2020/09/15 14:37:58,2020/09/15 16:43:50,NULL,33.9,OCCP,Credit Card,Discount,0.08,2.71,0,33,28,137,6
2020/06/16 16:39:49,2020/06/16 17:11:30,24.4,24.7,OICP,Credit Card,Standard,0.1,1.45,102,24,32,177,5
2020/09/18 3:40:36,2020/09/18 4:50:10,26.7,26.6,OCHP,Credit Card,Fast Pro,0.16,4.26,0,26,17,45,6
2020/04/13 3:6:16,2020/04/13 4:35:5,NULL,24.3,OICP,Credit Card,Standard,0.1,2.43,0,24,1,47,2
2020/03/05 6:27:4,2020/03/05 7:53:53,22.8,23.7,OCCP,Credit Card,Standard,0.1,2.37,0,23,24,165,3
2020/04/29 13:27:20,2020/04/29 15:3:27,NULL,27.9,OCCP,Credit Card,Discount,0.08,2.07,16,27,18,5,1
2020/09/01 13:8:52,2020/09/01 15:46:27,NULL,33.0,OICP,Credit Card,Standard,0.1,3.3,0,33,13,35,6
2020/09/10 17:0:45,2020/09/10 18:49:53,NULL,16.3,OCHP,Credit Card,Discount,0.08,1.3,0,16,24,2,5
2020/05/13 11:42:8,2020/05/13 13:1:33,NULL,25.2,OCCP,Credit Card,Standard,0.1,2.52,0,25,8,78,4
2020/05/25 2:1:29,2020/05/25 3:55:58,NULL,18.4,ISO15118,Credit Card,Fast Pro,0.16,2.42,52,18,12,134,1
2020/05/15 19:39:35,2020/05/15 20:19:17,NULL,19.3,OICP,Credit Card,Fast Pro,0.16,1.86,123,19,7,19,2
2020/06/24 15:14:20,2020/06/24 17:24:15,21.7,21.4,OICP,Credit Card,Fast Pro,0.16,3.42,0,21,7,29,4
2020/11/26 11:55:0,2020/11/26 12:26:5,33.2,33.4,OpenADR,Credit Card,Discount,0.08,2.67,0,33,26,67,5
2020/04/11 8:8:17,2020/04/11 10:21:20,25.0,24.5,ISO15118,Credit Card,Fast Pro,0.16,3.92,0,24,20,185,6
2020/12/16 8:45:4,2020/12/16 10:47:35,26.8,27.0,ISO15118,Credit Card,Standard,0.1,2.7,0,27,25,85,1
2020/09/02 16:0:34,2020/09/02 18:26:16,NULL,15.6,OCHP,Credit Card,Discount,0.08,1.25,0,15,32,107,5
2020/02/28 19:35:0,2020/02/28 20:18:16,18.7,18.4,OICP,Credit Card,Fast Pro,0.16,2.94,0,18,26,128,1
2020/09/12 10:40:38,2020/09/12 11:17:41,23.6,24.4,OCCP,Credit Card,Standard,0.1,2.44,0,24,17,186,2
2020/10/29 18:31:20,2020/10/29 19:43:47,NULL,23.4,OpenADR,Credit Card,Standard,0.1,2.34,0,23,13,181,5
2020/09/18 0:9:17,2020/09/18 2:46:28,NULL,27.5,ISO15118,Credit Card,Fast Pro,0.16,4.4,0,27,6,108,6
2020/11/25 0:14:4,2020/11/25 2:1:46,NULL,33.7,OICP,Credit Card,Discount,0.08,2.47,23,33,30,128,4
2020/07/26 18:42:12,2020/07/26 20:23:0,16.3,16.7,OpenADR,Credit Card,Standard,0.1,1.07,60,16,23,178,5
2020/07/04 7:4:58,2020/07/04 8:28:38,34.2,35.1,OCHP,Credit Card,Standard,0.1,2.51,100,35,6,104,2
2020/05/21 8:56:10,2020/05/21 9:58:40,21.9,22.1,OCHP,Credit Card,Standard,0.1,2.21,0,22,18,97,6
2020/02/28 16:35:2,2020/02/28 17:40:10,NULL,31.9,ISO15118,Credit Card,Fast Pro,0.16,5.1,0,31,23,57,3
2020/02/11 10:42:56,2020/02/11 11:28:2,20.1,21.0,OCHP,Credit Card,Standard,0.1,2.1,0,21,12,170,6
2020/01/29 12:30:36,2020/01/29 13:16:7,28.0,28.3,OICP,Credit Card,Discount,0.08,2.26,0,28,2,170,1
2020/03/06 12:50:10,2020/03/06 13:28:29,19.1,19.4,OCPI,Credit Card,Fast Pro,0.16,3.1,0,19,7,70,6
2020/01/04 10:43:27,2020/01/04 11:49:39,36.9,37.1,OpenADR,Credit Card,Discount,0.08,2.97,0,37,23,186,5
2020/04/20 15:17:40,2020/04/20 17:57:19,NULL,19.7,OCHP,Credit Card,Standard,0.1,1.97,0,19,7,105,6
2020/08/21 16:7:30,2020/08/21 17:57:41,19.3,18.8,OCPI,Credit Card,Standard,0.1,1.88,0,18,21,90,5
2020/05/23 6:48:53,2020/05/23 8:34:47,19.9,20.0,OCHP,Credit Card,Military,0.04,0.8,0,20,21,135,4
2020/08/02 17:45:20,2020/08/02 19:3:44,NULL,17.0,OCHP,Credit Card,Military,0.04,0.68,0,17,25,40,5
2020/05/18 5:30:55,2020/05/18 7:3:6,NULL,20.6,OCHP,Credit Card,Standard,0.1,2.06,0,20,18,114,4
2020/05/21 6:42:52,2020/05/21 7:41:36,35.0,35.9,OCPI,Credit Card,Fast Pro,0.16,5.74,0,35,12,50,2
2020/03/28 9:31:5,2020/03/28 11:42:51,34.3,34.7,OCCP,Credit Card,Fast Pro,0.16,4.79,76,34,24,51,1
2020/05/20 10:9:39,2020/05/20 11:10:14,37.4,37.0,OpenADR,Credit Card,Fast Pro,0.16,5.92,0,37,2,85,6
2020/10/22 18:47:57,2020/10/22 19:1:52,NULL,30.3,OCPI,Credit Card,Discount,0.08,2.42,0,30,10,19,2
2020/03/18 18:29:55,2020/03/18 20:33:23,29.7,29.4,OICP,Credit Card,Fast Pro,0.16,4.7,0,29,7,162,1
2020/08/26 10:28:4,2020/08/26 11:23:45,NULL,19.5,OpenADR,Credit Card,Standard,0.1,1.95,0,19,27,67,5
2020/12/07 0:20:40,2020/12/07 2:56:39,NULL,23.3,OpenADR,Credit Card,Fast Pro,0.16,3.73,0,23,35,121,6
2020/04/24 17:52:51,2020/04/24 18:5:43,NULL,32.8,ISO15118,Credit Card,Standard,0.1,2.8,48,32,5,52,5
2020/09/09 15:41:13,2020/09/09 16:11:9,NULL,31.9,ISO15118,Credit Card,Standard,0.1,3.03,16,31,17,158,6
2020/05/08 5:57:29,2020/05/08 6:37:24,NULL,24.6,OCHP,Credit Card,Standard,0.1,2.46,0,24,20,178,4
2020/09/25 7:5:13,2020/09/25 8:13:48,27.6,28.4,OCCP,Credit Card,Discount,0.08,2.27,0,28,25,176,3
2020/04/03 6:8:21,2020/04/03 8:9:5,NULL,15.3,OCCP,Credit Card,Standard,0.1,1.53,0,15,18,93,5
2020/06/14 0:27:20,2020/06/14 2:45:43,NULL,26.2,ISO15118,Credit Card,Standard,0.1,2.11,51,26,34,28,4
2020/08/06 16:18:42,2020/08/06 18:31:58,NULL,35.6,OCPI,Credit Card,Fast Pro,0.16,5.53,17,35,3,80,6
2020/10/08 9:47:56,2020/10/08 11:23:21,37.3,37.1,OCCP,Credit Card,Fast Pro,0.16,4.15,179,37,15,24,4
2020/05/19 17:32:57,2020/05/19 19:44:22,23.0,23.5,OCPI,Credit Card,Discount,0.08,1.17,71,23,12,5,5
2020/07/14 7:31:18,2020/07/14 8:26:22,30.7,31.1,OpenADR,Credit Card,Discount,0.08,2.49,0,31,14,101,5
2020/07/06 3:36:14,2020/07/06 5:32:14,20.3,20.0,ISO15118,Credit Card,Standard,0.1,2.0,0,20,4,185,4
2020/06/15 16:8:31,2020/06/15 17:20:31,NULL,30.8,OCHP,Credit Card,Discount,0.08,2.46,0,30,24,82,5
2020/04/04 19:11:33,2020/04/04 20:21:58,15.8,16.2,OpenADR,Credit Card,Discount,0.08,1.3,0,16,15,46,1
2020/03/14 6:5:55,2020/03/14 8:20:6,NULL,23.1,OCHP,Credit Card,Fast Pro,0.16,3.7,0,23,29,52,1
2020/02/25 8:32:58,2020/02/25 10:39:24,29.4,30.0,OCPI,Credit Card,Standard,0.1,3.0,0,30,31,111,6
2020/10/06 10:16:55,2020/10/06 11:55:36,NULL,33.6,OICP,Credit Card,Fast Pro,0.16,5.38,0,33,24,171,2
2020/06/23 17:10:49,2020/06/23 18:56:47,17.7,17.9,OCCP,Credit Card,Discount,0.08,1.43,0,17,12,125,2
2020/08/19 11:25:16,2020/08/19 13:8:2,NULL,28.8,ISO15118,Credit Card,Fast Pro,0.16,4.61,0,28,9,107,6
2020/05/24 0:23:45,2020/05/24 2:23:41,NULL,25.2,OCHP,Credit Card,Fast Pro,0.16,4.03,0,25,2,133,3
2020/01/01 9:10:12,2020/01/01 11:58:36,NULL,15.2,OICP,Credit Card,Discount,0.08,1.22,0,15,28,65,2
2020/02/17 9:30:23,2020/02/17 10:12:15,NULL,28.9,OCCP,Credit Card,Fast Pro,0.16,4.62,0,28,23,176,3
2020/11/05 11:3:12,2020/11/05 12:7:11,NULL,33.5,OCCP,Credit Card,Discount,0.08,2.68,0,33,17,55,6
2020/11/28 19:39:12,2020/11/28 21:53:19,24.2,24.7,OpenADR,Credit Card,Standard,0.1,2.47,0,24,9,69,3
2020/11/19 16:7:26,2020/11/19 18:30:3,NULL,26.9,OCPI,Credit Card,Standard,0.1,2.69,0,26,11,8,6
2020/08/27 18:42:56,2020/08/27 20:33:33,20.0,20.9,OCCP,Credit Card,Discount,0.08,1.67,0,20,9,132,4
2020/05/07 9:27:44,2020/05/07 11:41:21,18.3,17.8,OICP,Credit Card,Fast Pro,0.16,2.85,0,17,1,42,4
2020/04/23 0:3:9,2020/04/23 1:16:23,22.2,23.1,OCHP,Credit Card,Standard,0.1,2.31,0,23,22,170,1
2020/11/19 15:56:33,2020/11/19 16:16:6,23.8,23.7,OCCP,Credit Card,Standard,0.1,2.37,0,23,6,99,1
2020/06/25 16:22:5,2020/06/25 17:29:3,NULL,19.0,ISO15118,Credit Card,Discount,0.08,1.52,0,19,21,190,6
2020/11/14 9:36:36,2020/11/14 10:43:54,NULL,21.6,OpenADR,Credit Card,Discount,0.08,1.73,0,21,3,193,4
2020/07/29 3:31:34,2020/07/29 5:10:34,20.9,21.6,OCPI,Credit Card,Standard,0.1,2.16,0,21,26,6,2
2020/12/05 7:46:7,2020/12/05 9:10:5,NULL,25.7,ISO15118,Credit Card,Standard,0.1,2.57,0,25,18,61,1
2020/07/20 2:33:18,2020/07/20 3:35:20,NULL,22.1,OCPI,Credit Card,Fast Pro,0.16,3.54,0,22,11,129,1
2020/11/09 13:4:46,2020/11/09 15:21:47,NULL,23.6,ISO15118,Credit Card,Standard,0.1,1.65,71,23,6,198,3
2020/07/16 7:45:54,2020/07/16 8:52:27,17.8,17.9,OCPI,Credit Card,Standard,0.1,1.79,0,17,32,143,1
2020/06/04 6:0:2,2020/06/04 7:52:49,25.6,25.7,OICP,Credit Card,Fast Pro,0.16,4.11,0,25,15,68,1
2020/04/18 2:51:50,2020/04/18 3:6:10,36.6,36.8,OICP,Credit Card,Standard,0.1,3.68,0,36,35,32,2
2020/08/02 6:8:11,2020/08/02 7:25:28,26.6,26.7,OICP,Credit Card,Discount,0.08,2.14,0,26,21,166,6
2020/12/07 8:15:48,2020/12/07 10:39:40,34.7,35.6,OpenADR,Credit Card,Standard,0.1,3.56,0,35,1,36,4
2020/07/26 16:13:42,2020/07/26 17:55:32,NULL,29.0,OpenADR,Credit Card,Discount,0.08,2.32,0,29,16,124,6
2020/08/12 12:7:16,2020/08/12 14:55:33,26.7,27.3,ISO15118,Credit Card,Discount,0.08,2.18,0,27,3,188,6
2020/03/04 19:46:56,2020/03/04 20:50:13,NULL,28.2,OCPI,Credit Card,Discount,0.08,0.56,170,28,24,109,5
2020/07/07 17:11:46,2020/07/07 19:44:49,NULL,16.9,OCPI,Credit Card,Discount,0.08,1.35,0,16,30,26,3
2020/08/25 17:11:54,2020/08/25 19:34:6,16.4,17.2,OICP,Credit Card,Fast Pro,0.16,2.35,40,17,4,29,6
2020/09/15 19:18:44,2020/09/15 21:23:23,NULL,36.7,OCPI,Credit Card,Standard,0.1,2.61,106,36,27,157,4
2020/04/26 19:51:46,2020/04/26 21:16:6,NULL,23.0,ISO15118,Credit Card,Discount,0.08,1.84,0,23,14,7,1
2020/07/09 1:46:52,2020/07/09 3:30:30,27.7,28.0,ISO15118,Credit Card,Standard,0.1,2.8,0,28,27,147,2
2020/10/22 18:50:52,2020/10/22 20:41:39,31.5,31.0,OCPI,Credit Card,Standard,0.1,3.1,0,31,33,134,5
2020/10/03 1:1:52,2020/10/03 2:22:26,NULL,19.0,OCPI,Credit Card,Discount,0.08,0.52,100,19,3,143,5
2020/05/24 14:49:49,2020/05/24 16:3:7,NULL,24.9,OCPI,Credit Card,Discount,0.08,0.14,185,24,10,124,1
2020/01/09 12:58:3,2020/01/09 14:58:53,22.8,23.1,ISO15118,Credit Card,Standard,0.1,0.87,144,23,20,19,3
2020/04/16 14:3:18,2020/04/16 15:20:47,NULL,36.4,OCHP,Credit Card,Fast Pro,0.16,5.4,42,36,24,92,6
2020/12/12 7:9:26,2020/12/12 8:57:15,NULL,26.7,OCPI,Credit Card,Discount,0.08,2.14,0,26,34,2,2
2020/08/01 3:7:44,2020/08/01 4:14:39,NULL,17.2,OpenADR,Credit Card,Fast Pro,0.16,1.17,158,17,23,145,3
2020/12/07 13:50:16,2020/12/07 15:1:55,34.3,34.7,OCCP,Credit Card,Standard,0.1,3.47,0,34,31,148,4
2020/09/18 11:34:11,2020/09/18 13:28:51,NULL,22.6,OpenADR,Credit Card,Fast Pro,0.16,3.62,0,22,13,31,3
2020/12/27 8:16:48,2020/12/27 10:41:26,NULL,35.3,ISO15118,Credit Card,Fast Pro,0.16,5.65,0,35,27,116,1
2020/02/01 15:27:31,2020/02/01 17:13:12,NULL,22.9,ISO15118,Credit Card,Fast Pro,0.16,3.66,0,22,27,123,3
2020/06/16 2:53:11,2020/06/16 4:13:57,21.6,21.9,ISO15118,Credit Card,Standard,0.1,1.85,34,21,19,14,6
2020/10/21 2:38:1,2020/10/21 4:9:40,32.6,32.4,OCCP,Credit Card,Standard,0.1,2.09,115,32,10,47,1
2020/09/05 16:14:23,2020/09/05 17:35:19,28.4,28.3,OICP,Credit Card,Standard,0.1,1.4,143,28,19,34,6
2020/01/28 5:38:22,2020/01/28 6:42:56,36.1,36.9,ISO15118,Credit Card,Discount,0.08,2.95,0,36,6,152,5
2020/11/10 12:6:20,2020/11/10 14:41:32,33.6,34.0,OpenADR,Credit Card,Military,0.04,1.36,0,34,9,163,1
2020/09/05 15:31:24,2020/09/05 17:31:36,25.2,24.8,OpenADR,Credit Card,Discount,0.08,1.98,0,24,18,133,1
2020/10/31 19:37:38,2020/10/31 21:32:36,17.0,17.7,OICP,Credit Card,Fast Pro,0.16,2.83,0,17,19,160,1
2020/08/27 18:29:21,2020/08/27 19:2:21,NULL,24.8,OICP,Credit Card,Standard,0.1,2.48,0,24,22,51,3
2020/08/21 19:48:23,2020/08/21 21:21:2,NULL,19.5,OCHP,Credit Card,Discount,0.08,1.56,0,19,20,59,6
2020/03/05 7:30:29,2020/03/05 9:12:36,NULL,21.0,OCHP,Credit Card,Standard,0.1,2.1,0,21,3,142,2
2020/03/05 4:46:31,2020/03/05 6:46:52,32.6,33.3,ISO15118,Credit Card,Discount,0.08,0.76,190,33,31,198,2
2020/11/29 10:31:39,2020/11/29 12:41:36,NULL,19.8,OCCP,Credit Card,Fast Pro,0.16,3.17,0,19,19,138,6
2020/05/12 11:54:54,2020/05/12 13:38:1,29.3,28.8,OICP,Credit Card,Fast Pro,0.16,4.61,0,28,29,200,6
2020/10/21 9:39:25,2020/10/21 11:41:8,NULL,32.1,ISO15118,Credit Card,Standard,0.1,2.64,57,32,30,54,5
2020/10/09 8:9:33,2020/10/09 9:28:31,36.4,36.1,OpenADR,Credit Card,Standard,0.1,3.61,0,36,24,81,4
2020/07/21 16:27:55,2020/07/21 18:51:46,NULL,28.3,OCCP,Credit Card,Discount,0.08,2.26,0,28,30,31,2
2020/07/28 3:33:42,2020/07/28 5:47:4,21.1,21.5,OpenADR,Credit Card,Discount,0.08,1.72,0,21,11,146,3
2020/09/23 18:32:44,2020/09/23 19:0:17,NULL,18.2,OCHP,Credit Card,Standard,0.1,0.31,151,18,4,147,5
2020/04/22 5:43:41,2020/04/22 6:22:9,NULL,21.0,OCHP,Credit Card,Fast Pro,0.16,3.36,0,21,22,183,5
2020/10/07 14:53:19,2020/10/07 16:47:48,NULL,15.9,OCCP,Credit Card,Fast Pro,0.16,2.32,22,15,18,48,4
2020/06/20 10:53:56,2020/06/20 11:29:57,35.0,34.8,OICP,Credit Card,Fast Pro,0.16,5.57,0,34,11,199,1
2020/08/04 16:25:55,2020/08/04 18:30:5,NULL,24.4,OICP,Credit Card,Standard,0.1,2.44,0,24,20,193,4
2020/12/25 18:16:17,2020/12/25 20:7:48,NULL,28.0,OCPI,Credit Card,Standard,0.1,2.8,0,28,5,157,4
2020/01/10 1:27:4,2020/01/10 2:38:31,33.2,33.1,ISO15118,Credit Card,Discount,0.08,2.65,0,33,22,48,5
2020/08/14 0:54:3,2020/08/14 1:43:40,32.5,33.2,OCPI,Credit Card,Standard,0.1,3.32,0,33,13,91,5
2020/10/20 14:9:9,2020/10/20 16:49:39,NULL,26.0,OICP,Credit Card,Fast Pro,0.16,4.16,0,26,14,100,6
2020/06/10 6:56:51,2020/06/10 7:58:42,25.2,25.9,OCCP,Credit Card,Fast Pro,0.16,4.14,0,25,23,35,4
2020/02/07 10:4:48,2020/02/07 11:41:33,NULL,25.2,OICP,Credit Card,Standard,0.1,2.52,0,25,31,6,4
2020/09/02 3:50:13,2020/09/02 5:1:20,NULL,36.8,OICP,Credit Card,Standard,0.1,3.68,0,36,35,185,2
2020/02/27 10:43:21,2020/02/27 11:9:17,NULL,25.3,OCCP,Credit Card,Fast Pro,0.16,4.05,0,25,5,195,4
2020/03/26 13:57:41,2020/03/26 15:49:33,30.6,31.3,OICP,Credit Card,Discount,0.08,0.63,187,31,33,170,3
2020/08/13 4:31:9,2020/08/13 6:41:44,NULL,33.6,OCHP,Credit Card,Military,0.04,1.34,0,33,21,140,2
2020/07/21 11:12:14,2020/07/21 13:52:39,NULL,22.3,OCCP,Credit Card,Discount,0.08,1.78,0,22,31,195,2
2020/11/25 14:45:28,2020/11/25 16:44:13,NULL,21.7,ISO15118,Credit Card,Military,0.04,0.87,0,21,23,141,5
2020/11/26 4:31:4,2020/11/26 5:29:51,37.3,38.1,OpenADR,Credit Card,Discount,0.08,3.05,0,38,11,91,6
2020/05/10 7:35:42,2020/05/10 8:17:42,NULL,33.0,OCHP,Credit Card,Standard,0.1,2.58,72,33,18,134,6
2020/03/12 13:49:25,2020/03/12 15:45:27,36.8,36.9,ISO15118,Credit Card,Fast Pro,0.16,5.9,0,36,12,53,1
2020/09/05 11:23:42,2020/09/05 13:25:24,36.5,36.4,OCHP,Credit Card,Fast Pro,0.16,5.16,66,36,35,137,2
2020/09/20 9:41:52,2020/09/20 10:33:20,24.2,24.5,ISO15118,Credit Card,Standard,0.1,2.45,0,24,35,176,5
2020/03/04 19:30:21,2020/03/04 21:53:20,32.8,32.9,OCPI,Credit Card,Standard,0.1,3.29,0,32,14,28,6
2020/01/11 6:36:40,2020/01/11 7:16:6,21.2,21.7,OCPI,Credit Card,Discount,0.08,1.74,0,21,13,175,6
2020/11/23 8:1:56,2020/11/23 10:24:9,26.3,26.7,OICP,Credit Card,Discount,0.08,2.14,0,26,17,26,2
2020/03/26 19:55:38,2020/03/26 21:37:41,33.4,33.6,OpenADR,Credit Card,Fast Pro,0.16,4.04,134,33,30,130,6
2020/06/08 1:54:43,2020/06/08 2:24:34,30.4,30.7,OCPI,Credit Card,Standard,0.1,2.12,95,30,8,198,6
2020/05/04 13:21:39,2020/05/04 14:33:7,NULL,20.3,OCPI,Credit Card,Fast Pro,0.16,3.25,0,20,7,144,4
2020/08/19 13:17:19,2020/08/19 15:28:58,20.1,19.6,OICP,Credit Card,Standard,0.1,1.96,0,19,3,32,5
2020/10/02 15:30:22,2020/10/02 16:32:36,15.9,15.4,OCCP,Credit Card,Standard,0.1,1.54,0,15,7,102,4
2020/10/12 8:47:7,2020/10/12 9:14:41,NULL,22.2,OCHP,Credit Card,Fast Pro,0.16,3.55,0,22,32,165,3
2020/10/21 9:1:40,2020/10/21 11:49:22,NULL,28.6,OCPI,Credit Card,Standard,0.1,2.86,0,28,8,152,5
2020/08/29 5:54:34,2020/08/29 6:0:37,NULL,20.3,OCPI,Credit Card,Standard,0.1,2.03,0,20,26,10,5
2020/01/21 17:16:30,2020/01/21 19:2:48,NULL,26.6,OICP,Credit Card,Standard,0.1,2.66,0,26,5,159,1
2020/12/30 7:42:52,2020/12/30 8:23:30,NULL,29.3,OCPI,Credit Card,Fast Pro,0.16,4.69,0,29,31,22,4
2020/08/11 18:2:25,2020/08/11 19:28:23,NULL,27.7,OCCP,Credit Card,Discount,0.08,2.22,0,27,24,168,5
2020/07/17 17:58:51,2020/07/17 19:9:29,18.4,19.0,ISO15118,Credit Card,Discount,0.08,1.52,0,19,19,6,5
2020/07/06 3:55:54,2020/07/06 5:34:10,NULL,37.5,OCHP,Credit Card,Fast Pro,0.16,6.0,0,37,23,57,1
2020/05/18 1:58:7,2020/05/18 2:6:46,17.6,17.1,OCPI,Credit Card,Standard,0.1,1.71,0,17,17,113,3
2020/12/29 4:36:17,2020/12/29 5:5:11,35.0,34.5,OCHP,Credit Card,Discount,0.08,2.76,0,34,11,105,3
2020/10/11 15:11:54,2020/10/11 16:48:32,NULL,29.3,ISO15118,Credit Card,Fast Pro,0.16,4.69,0,29,34,35,1
2020/11/01 9:50:6,2020/11/01 10:38:44,NULL,18.5,OCPI,Credit Card,Standard,0.1,1.85,0,18,9,179,5
2020/09/01 6:58:51,2020/09/01 7:13:1,20.6,21.2,OCPI,Credit Card,Military,0.04,0.85,0,21,21,50,4
2020/12/17 19:6:11,2020/12/17 21:4:51,NULL,17.5,OpenADR,Credit Card,Fast Pro,0.16,2.8,0,17,7,127,3
2020/05/21 15:11:40,2020/05/21 16:41:53,NULL,32.6,OpenADR,Credit Card,Standard,0.1,3.26,0,32,21,49,6
2020/02/12 11:11:9,2020/02/12 13:10:58,21.4,22.0,OCCP,Credit Card,Discount,0.08,1.76,0,22,21,2,3
2020/10/03 7:19:57,2020/10/03 9:25:47,30.0,29.7,ISO15118,Credit Card,Standard,0.1,2.97,0,29,33,44,3
2020/05/17 14:4:5,2020/05/17 16:49:1,26.3,26.6,ISO15118,Credit Card,Discount,0.08,0.72,141,26,10,137,2
2020/12/26 10:46:47,2020/12/26 11:11:9,32.6,33.5,OCCP,Credit Card,Military,0.04,1.34,0,33,30,198,1
2020/10/18 9:35:3,2020/10/18 11:23:25,NULL,32.4,OpenADR,Credit Card,Fast Pro,0.16,5.18,0,32,17,19,1
2020/02/20 3:5:43,2020/02/20 5:13:7,NULL,20.9,OCPI,Credit Card,Standard,0.1,2.09,0,20,1,104,3
2020/06/28 8:56:16,2020/06/28 10:55:54,NULL,23.7,OCHP,Credit Card,Discount,0.08,1.9,0,23,9,30,3
2020/08/12 12:32:37,2020/08/12 14:6:9,19.9,20.0,ISO15118,Credit Card,Standard,0.1,2.0,0,20,16,68,4
2020/06/28 1:27:21,2020/06/28 2:16:50,29.5,29.1,ISO15118,Credit Card,Fast Pro,0.16,4.46,20,29,16,103,6
2020/04/01 2:45:38,2020/04/01 3:37:29,30.7,30.9,OCPI,Credit Card,Discount,0.08,0.77,170,30,3,197,5
2020/01/15 1:41:12,2020/01/15 3:13:40,17.3,18.1,ISO15118,Credit Card,Standard,0.1,0.47,134,18,6,162,2
2020/11/17 12:3:14,2020/11/17 13:25:11,NULL,21.7,OpenADR,Credit Card,Fast Pro,0.16,3.47,0,21,24,200,6
2020/04/10 4:11:14,2020/04/10 6:10:54,NULL,36.6,ISO15118,Credit Card,Discount,0.08,2.93,0,36,16,17,5
2020/01/28 18:22:23,2020/01/28 19:27:24,23.9,24.6,OCPI,Credit Card,Fast Pro,0.16,2.26,168,24,32,73,3
2020/03/29 15:8:22,2020/03/29 17:45:53,26.3,25.9,OpenADR,Credit Card,Military,0.04,1.04,0,25,30,85,4
2020/01/13 12:2:53,2020/01/13 13:16:46,NULL,15.8,OCPI,Credit Card,Fast Pro,0.16,2.53,0,15,35,167,5
2020/12/10 12:47:35,2020/12/10 14:38:33,NULL,30.6,OCHP,Credit Card,Discount,0.08,2.16,29,30,2,80,3
2020/11/21 1:13:9,2020/11/21 3:40:51,21.4,20.9,OCPI,Credit Card,Standard,0.1,2.09,0,20,4,171,4
2020/05/31 4:15:27,2020/05/31 5:1:32,NULL,21.7,OpenADR,Credit Card,Fast Pro,0.16,3.47,0,21,16,146,6
2020/12/16 1:51:33,2020/12/16 3:22:22,30.9,31.7,OCPI,Credit Card,Standard,0.1,3.17,0,31,1,49,6
2020/05/11 19:46:40,2020/05/11 21:49:39,29.6,30.5,ISO15118,Credit Card,Standard,0.1,3.05,0,30,27,1,5
2020/04/08 15:53:33,2020/04/08 16:55:41,24.8,25.3,OpenADR,Credit Card,Discount,0.08,2.02,0,25,4,189,1
2020/12/26 12:1:45,2020/12/26 14:0:25,31.0,30.5,OICP,Credit Card,Standard,0.1,3.05,0,30,15,7,2
2020/07/25 0:32:32,2020/07/25 1:7:16,21.6,21.3,OCHP,Credit Card,Discount,0.08,1.7,0,21,15,103,4
2020/07/14 15:57:32,2020/07/14 16:20:17,15.5,15.1,OCHP,Credit Card,Fast Pro,0.16,2.42,0,15,21,132,6
2020/01/27 19:21:23,2020/01/27 20:54:56,29.6,30.5,OICP,Credit Card,Standard,0.1,3.05,0,30,31,177,5
2020/10/14 9:11:57,2020/10/14 10:49:8,18.4,18.5,OICP,Credit Card,Discount,0.08,1.48,0,18,8,173,4
2020/04/06 6:36:8,2020/04/06 7:21:7,15.3,15.6,OICP,Credit Card,Standard,0.1,1.56,0,15,16,64,6
2020/10/22 11:11:5,2020/10/22 12:10:50,NULL,22.8,ISO15118,Credit Card,Standard,0.1,2.28,0,22,35,169,5
2020/10/04 6:37:11,2020/10/04 7:24:27,NULL,35.0,OCCP,Credit Card,Fast Pro,0.16,5.6,0,35,21,17,2
2020/11/10 4:51:15,2020/11/10 5:57:17,31.4,32.2,ISO15118,Credit Card,Fast Pro,0.16,5.15,0,32,8,6,1
2020/02/18 0:5:42,2020/02/18 1:20:55,NULL,26.1,OICP,Credit Card,Fast Pro,0.16,4.18,0,26,4,52,4
2020/10/20 1:26:36,2020/10/20 3:40:47,NULL,21.5,OICP,Credit Card,Standard,0.1,2.15,0,21,14,60,6
2020/11/05 15:58:10,2020/11/05 16:2:45,NULL,35.2,OCCP,Credit Card,Military,0.04,0.41,182,35,23,1,4
2020/10/14 13:29:8,2020/10/14 15:3:38,25.5,25.5,ISO15118,Credit Card,Standard,0.1,2.55,0,25,25,16,4
2020/03/31 2:29:49,2020/03/31 4:43:0,17.6,17.3,OCHP,Credit Card,Standard,0.1,1.73,0,17,17,87,2
2020/01/03 11:55:2,2020/01/03 13:43:22,NULL,34.1,OCPI,Credit Card,Fast Pro,0.16,5.46,0,34,16,111,1
2020/05/03 6:1:52,2020/05/03 8:43:41,NULL,36.9,OICP,Credit Card,Standard,0.1,3.69,0,36,28,152,2
2020/12/19 18:17:43,2020/12/19 20:33:43,NULL,24.9,ISO15118,Credit Card,Fast Pro,0.16,3.98,0,24,34,166,2
2020/10/30 5:30:24,2020/10/30 6:14:15,NULL,23.9,OICP,Credit Card,Discount,0.08,1.47,44,23,13,62,6
2020/01/22 0:20:29,2020/01/22 2:29:29,NULL,34.0,OICP,Credit Card,Standard,0.1,3.4,0,34,27,181,6
2020/09/22 4:40:29,2020/09/22 6:47:51,NULL,21.3,OCPI,Credit Card,Discount,0.08,1.7,0,21,5,31,4
2020/09/13 17:31:0,2020/09/13 19:58:46,NULL,19.3,ISO15118,Credit Card,Fast Pro,0.16,3.09,0,19,23,37,6
2020/02/04 19:49:49,2020/02/04 20:15:9,29.8,30.6,OICP,Credit Card,Fast Pro,0.16,4.9,0,30,12,145,2
2020/02/20 13:7:0,2020/02/20 14:5:55,NULL,16.3,OCCP,Credit Card,Standard,0.1,1.63,0,16,3,146,2
2020/09/27 17:40:34,2020/09/27 19:35:43,30.8,31.2,OCCP,Credit Card,Fast Pro,0.16,4.99,0,31,28,62,5
2020/07/26 14:18:3,2020/07/26 15:51:17,NULL,33.5,OICP,Credit Card,Military,0.04,1.15,19,33,28,122,6
2020/12/16 12:18:50,2020/12/16 13:27:10,15.7,16.6,OCCP,Credit Card,Standard,0.1,1.66,0,16,11,143,1
2020/10/31 13:32:14,2020/10/31 15:12:26,NULL,16.5,OCCP,Credit Card,Fast Pro,0.16,2.64,0,16,22,154,2
2020/12/07 19:26:30,2020/12/07 20:39:42,23.1,22.8,OCPI,Credit Card,Fast Pro,0.16,3.65,0,22,7,185,4
2020/05/25 17:30:0,2020/05/25 19:51:50,25.8,26.1,ISO15118,Credit Card,Standard,0.1,2.61,0,26,29,196,1
2020/06/01 10:6:15,2020/06/01 11:46:58,30.1,30.6,OCHP,Credit Card,Fast Pro,0.16,4.9,0,30,14,176,1
2020/11/13 1:11:16,2020/11/13 3:10:41,21.5,22.0,OCCP,Credit Card,Fast Pro,0.16,3.52,0,22,35,130,6
2020/12/17 14:26:54,2020/12/17 16:37:4,NULL,30.3,ISO15118,Credit Card,Standard,0.1,3.03,0,30,3,105,5
2020/12/13 15:22:29,2020/12/13 16:16:42,17.1,17.7,OCCP,Credit Card,Fast Pro,0.16,2.83,0,17,23,80,2
2020/01/08 11:7:26,2020/01/08 13:51:58,16.7,16.9,OICP,Credit Card,Standard,0.1,1.69,0,16,27,193,6
2020/01/13 13:39:43,2020/01/13 15:41:53,30.9,31.1,ISO15118,Credit Card,Standard,0.1,2.47,64,31,7,151,6
2020/04/06 8:2:43,2020/04/06 9:47:31,33.9,34.3,OICP,Credit Card,Discount,0.08,2.74,0,34,33,34,1
2020/04/26 3:25:0,2020/04/26 5:49:25,NULL,26.3,OpenADR,Credit Card,Fast Pro,0.16,4.21,0,26,13,44,2
2020/04/07 17:28:36,2020/04/07 19:27:57,NULL,16.6,OpenADR,Credit Card,Fast Pro,0.16,2.42,24,16,6,30,2
2020/04/21 19:21:53,2020/04/21 21:21:51,NULL,33.3,OpenADR,Credit Card,Fast Pro,0.16,5.33,0,33,34,69,6
2020/10/30 0:18:42,2020/10/30 1:55:43,NULL,18.8,OICP,Credit Card,Military,0.04,0.52,23,18,21,179,3
2020/04/10 4:7:27,2020/04/10 5:48:41,NULL,23.1,ISO15118,Credit Card,Standard,0.1,2.31,0,23,20,75,4
2020/09/03 12:22:36,2020/09/03 13:38:31,34.4,34.9,OpenADR,Credit Card,Fast Pro,0.16,5.58,0,34,5,35,5
2020/12/24 9:14:50,2020/12/24 10:29:36,27.6,27.6,OCPI,Credit Card,Fast Pro,0.16,4.42,0,27,30,40,6
2020/01/06 14:5:14,2020/01/06 15:33:35,NULL,19.9,OCPI,Credit Card,Standard,0.1,1.99,0,19,1,189,3
2020/12/12 9:2:11,2020/12/12 10:55:29,NULL,25.1,OCCP,Credit Card,Standard,0.1,1.47,104,25,8,191,4
2020/06/05 17:57:15,2020/06/05 18:44:31,NULL,20.2,OpenADR,Credit Card,Standard,0.1,2.02,0,20,35,95,3
2020/04/13 17:3:24,2020/04/13 18:40:26,NULL,32.9,OpenADR,Credit Card,Standard,0.1,3.29,0,32,23,110,3
2020/01/30 9:36:48,2020/01/30 10:35:45,28.3,29.2,OCCP,Credit Card,Fast Pro,0.16,4.67,0,29,7,128,3
2020/06/27 12:37:58,2020/06/27 13:18:19,NULL,27.6,OCCP,Credit Card,Discount,0.08,2.21,0,27,28,99,2
2020/09/06 0:11:27,2020/09/06 2:0:24,27.2,27.3,OpenADR,Credit Card,Fast Pro,0.16,4.37,0,27,17,141,5
2020/05/10 14:28:45,2020/05/10 16:43:30,30.5,30.6,OICP,Credit Card,Standard,0.1,3.06,0,30,29,187,2
2020/11/13 2:31:55,2020/11/13 3:48:17,NULL,24.0,OCHP,Credit Card,Discount,0.08,1.92,0,24,5,68,1
2020/12/23 4:46:7,2020/12/23 5:54:23,NULL,23.4,OCCP,Credit Card,Fast Pro,0.16,2.87,87,23,17,154,3
2020/02/13 14:29:54,2020/02/13 15:36:10,NULL,28.8,OCPI,Credit Card,Fast Pro,0.16,4.61,0,28,22,144,1
2020/11/15 10:45:52,2020/11/15 11:42:1,19.9,20.6,OICP,Credit Card,Military,0.04,0.82,0,20,26,165,4
2020/11/16 13:13:20,2020/11/16 15:0:30,NULL,20.2,ISO15118,Credit Card,Standard,0.1,2.02,0,20,13,189,2
2020/11/02 9:47:35,2020/11/02 10:47:38,NULL,34.6,ISO15118,Credit Card,Fast Pro,0.16,5.54,0,34,7,92,3
2020/05/29 4:10:22,2020/05/29 6:49:36,19.1,19.2,OpenADR,Credit Card,Discount,0.08,1.54,0,19,34,138,4
2020/08/21 18:1:23,2020/08/21 20:19:3,NULL,29.4,OCCP,Credit Card,Discount,0.08,2.35,0,29,11,186,1
2020/07/26 8:32:53,2020/07/26 9:30:8,18.7,19.3,OCHP,Credit Card,Standard,0.1,1.93,0,19,24,149,5
2020/02/13 3:9:22,2020/02/13 4:20:43,34.4,35.3,OICP,Credit Card,Standard,0.1,3.37,16,35,30,186,4
2020/06/09 18:19:38,2020/06/09 20:52:19,NULL,15.8,OCPI,Credit Card,Discount,0.08,1.26,0,15,29,47,6
2020/10/29 10:44:17,2020/10/29 11:22:34,17.8,17.9,OICP,Credit Card,Fast Pro,0.16,2.86,0,17,5,14,4
2020/09/05 17:34:27,2020/09/05 19:16:48,NULL,19.6,OCHP,Credit Card,Discount,0.08,1.57,0,19,14,58,6
2020/08/04 10:51:19,2020/08/04 11:32:7,23.7,24.2,OCHP,Credit Card,Military,0.04,0.97,0,24,29,155,6
2020/04/01 13:18:4,2020/04/01 15:13:53,37.4,38.0,OCPI,Credit Card,Discount,0.08,2.4,64,38,16,72,6
2020/03/04 16:53:58,2020/03/04 18:23:11,NULL,29.9,OCHP,Credit Card,Standard,0.1,2.08,91,29,7,56,2
2020/07/09 3:54:34,2020/07/09 4:41:2,31.3,31.0,OpenADR,Credit Card,Fast Pro,0.16,4.96,0,31,19,189,5
2020/07/06 1:46:3,2020/07/06 2:5:46,NULL,18.7,OICP,Credit Card,Standard,0.1,1.87,0,18,29,59,2
2020/06/23 6:9:49,2020/06/23 8:23:2,37.1,37.6,ISO15118,Credit Card,Standard,0.1,3.76,0,37,20,144,2
2020/08/28 11:37:39,2020/08/28 12:41:10,34.5,35.3,OCHP,Credit Card,Fast Pro,0.16,4.34,131,35,6,3,4
2020/07/15 4:22:25,2020/07/15 6:35:18,NULL,18.0,OpenADR,Credit Card,Standard,0.1,1.8,0,18,35,76,3
2020/05/18 3:25:50,2020/05/18 4:35:16,36.1,35.6,OICP,Credit Card,Discount,0.08,2.85,0,35,23,163,1
2020/08/22 1:30:42,2020/08/22 3:17:49,15.0,15.9,OCHP,Credit Card,Military,0.04,0.22,42,15,5,44,6
2020/07/14 14:52:14,2020/07/14 15:2:37,29.1,29.0,OCPI,Credit Card,Military,0.04,0.73,189,29,19,38,6
2020/04/30 6:16:33,2020/04/30 7:30:5,16.3,16.2,OpenADR,Credit Card,Fast Pro,0.16,2.59,0,16,30,60,4
2020/05/31 5:46:21,2020/05/31 6:49:44,27.3,26.8,OpenADR,Credit Card,Fast Pro,0.16,4.29,0,26,31,34,3
2020/06/20 17:8:19,2020/06/20 18:31:35,NULL,28.8,ISO15118,Credit Card,Fast Pro,0.16,4.61,0,28,21,64,1
2020/04/25 4:31:6,2020/04/25 6:3:15,NULL,32.1,OpenADR,Credit Card,Standard,0.1,3.21,0,32,18,84,3
2020/03/08 11:13:20,2020/03/08 13:1:5,20.4,20.4,ISO15118,Credit Card,Fast Pro,0.16,3.26,0,20,9,132,2
2020/08/16 4:46:22,2020/08/16 5:37:6,33.1,32.6,OpenADR,Credit Card,Discount,0.08,2.61,0,32,13,118,1
2020/07/12 4:19:26,2020/07/12 6:55:32,NULL,16.5,OCHP,Credit Card,Fast Pro,0.16,2.64,0,16,24,122,1
2020/05/06 15:52:41,2020/05/06 16:34:35,NULL,15.8,OICP,Credit Card,Discount,0.08,1.26,0,15,4,149,1
2020/10/01 14:8:55,2020/10/01 15:53:25,NULL,24.5,OICP,Credit Card,Fast Pro,0.16,3.92,0,24,10,154,6
2020/12/10 8:40:5,2020/12/10 9:51:21,NULL,34.0,OICP,Credit Card,Discount,0.08,2.72,0,34,8,7,6
2020/12/12 18:45:48,2020/12/12 20:36:0,36.8,37.5,OpenADR,Credit Card,Standard,0.1,3.75,0,37,34,93,4
2020/07/13 1:47:15,2020/07/13 2:17:8,NULL,36.6,OpenADR,Credit Card,Standard,0.1,2.14,152,36,20,38,6
2020/04/12 2:5:22,2020/04/12 3:33:52,NULL,28.7,OCHP,Credit Card,Fast Pro,0.16,3.44,115,28,26,50,4
2020/09/04 0:3:9,2020/09/04 2:23:2,34.5,35.0,OpenADR,Credit Card,Fast Pro,0.16,5.6,0,35,1,10,2
2020/09/17 5:35:31,2020/09/17 7:42:57,NULL,27.7,OICP,Credit Card,Fast Pro,0.16,4.43,0,27,35,64,1
2020/08/02 18:23:13,2020/08/02 20:31:37,36.3,36.3,ISO15118,Credit Card,Standard,0.1,2.19,144,36,29,178,2
2020/11/02 5:42:34,2020/11/02 7:21:10,31.4,31.0,ISO15118,Credit Card,Fast Pro,0.16,4.96,0,31,25,154,1
2020/06/24 5:34:38,2020/06/24 7:35:39,NULL,18.3,OCCP,Credit Card,Discount,0.08,1.46,0,18,28,61,5
2020/09/03 12:17:40,2020/09/03 13:1:4,NULL,30.7,ISO15118,Credit Card,Standard,0.1,3.07,0,30,23,122,2
2020/05/08 16:3:6,2020/05/08 17:8:26,27.5,27.6,OpenADR,Credit Card,Standard,0.1,2.76,0,27,4,48,5
2020/12/14 16:55:0,2020/12/14 18:7:28,29.3,28.9,OCPI,Credit Card,Standard,0.1,2.89,0,28,9,126,6
2020/10/05 15:11:57,2020/10/05 17:56:25,NULL,20.6,OCPI,Credit Card,Standard,0.1,2.06,0,20,5,139,4
2020/11/30 10:25:8,2020/11/30 12:26:52,NULL,17.6,ISO15118,Credit Card,Standard,0.1,1.76,0,17,22,69,3
2020/01/10 0:37:42,2020/01/10 1:49:15,29.2,29.5,ISO15118,Credit Card,Standard,0.1,2.95,0,29,22,43,5
2020/10/31 8:39:9,2020/10/31 9:4:12,31.7,31.3,ISO15118,Credit Card,Discount,0.08,2.5,0,31,13,125,2
2020/03/10 7:1:22,2020/03/10 9:22:15,NULL,21.1,ISO15118,Credit Card,Standard,0.1,2.11,0,21,17,170,2
2020/04/22 2:37:7,2020/04/22 3:34:14,31.9,31.4,OpenADR,Credit Card,Fast Pro,0.16,5.02,0,31,9,58,1
2020/08/14 18:44:37,2020/08/14 19:12:22,27.0,27.7,OCHP,Credit Card,Standard,0.1,2.77,0,27,14,163,5
2020/08/01 18:49:28,2020/08/01 20:30:14,29.9,30.5,ISO15118,Credit Card,Discount,0.08,0.96,148,30,14,83,3
2020/05/09 3:11:30,2020/05/09 5:31:34,NULL,33.1,OpenADR,Credit Card,Discount,0.08,2.07,58,33,11,10,1
2020/04/08 10:32:58,2020/04/08 11:38:23,16.0,15.6,OpenADR,Credit Card,Standard,0.1,1.56,0,15,17,42,6
2020/10/28 19:57:13,2020/10/28 21:44:22,NULL,22.6,OpenADR,Credit Card,Standard,0.1,2.26,0,22,29,129,3
2020/03/26 12:7:46,2020/03/26 14:49:54,NULL,17.4,OICP,Credit Card,Fast Pro,0.16,2.78,0,17,1,40,3
2020/07/20 11:48:1,2020/07/20 12:46:52,17.9,18.5,ISO15118,Credit Card,Discount,0.08,1.48,0,18,14,86,3
2020/05/03 2:48:49,2020/05/03 3:47:33,NULL,37.9,OpenADR,Credit Card,Fast Pro,0.16,6.06,0,37,34,173,6
2020/04/01 0:48:37,2020/04/01 2:51:30,33.2,33.5,ISO15118,Credit Card,Discount,0.08,2.68,0,33,15,117,2
2020/01/19 7:43:2,2020/01/19 8:34:54,NULL,25.4,OpenADR,Credit Card,Discount,0.08,2.03,0,25,35,23,3
2020/01/11 13:58:37,2020/01/11 15:42:45,NULL,16.4,OCCP,Credit Card,Fast Pro,0.16,2.62,0,16,22,79,3
2020/10/13 14:23:17,2020/10/13 15:48:19,NULL,21.6,OCPI,Credit Card,Military,0.04,0.86,0,21,2,23,1
2020/05/12 6:40:19,2020/05/12 7:56:13,NULL,20.2,OICP,Credit Card,Discount,0.08,1.62,0,20,22,26,4
2020/06/01 13:5:40,2020/06/01 15:52:43,33.5,33.8,OCCP,Credit Card,Discount,0.08,2.49,21,33,7,137,2
2020/10/27 16:19:34,2020/10/27 17:9:44,NULL,17.6,OCCP,Credit Card,Standard,0.1,0.98,78,17,35,41,4
2020/11/22 18:51:48,2020/11/22 20:37:14,NULL,33.8,ISO15118,Credit Card,Standard,0.1,3.06,32,33,11,173,3
2020/12/01 17:13:17,2020/12/01 18:12:40,22.3,23.2,OCPI,Credit Card,Standard,0.1,1.96,36,23,17,132,3
2020/01/02 11:40:3,2020/01/02 12:42:31,29.4,30.0,OpenADR,Credit Card,Fast Pro,0.16,4.8,0,30,23,31,3
2020/10/12 16:13:42,2020/10/12 18:7:38,33.2,33.0,ISO15118,Credit Card,Fast Pro,0.16,5.28,0,33,3,74,3
2020/04/16 18:10:11,2020/04/16 19:35:12,NULL,32.9,OCHP,Credit Card,Standard,0.1,3.29,0,32,6,194,6
2020/01/25 2:39:6,2020/01/25 4:16:17,NULL,20.8,OCCP,Credit Card,Fast Pro,0.16,3.33,0,20,35,182,2
2020/09/21 10:44:4,2020/09/21 12:10:32,19.2,19.8,OCHP,Credit Card,Standard,0.1,1.98,0,19,31,126,2
2020/05/31 19:32:32,2020/05/31 20:25:3,30.2,29.7,OCPI,Credit Card,Fast Pro,0.16,4.12,63,29,4,177,2
2020/08/22 7:45:49,2020/08/22 9:19:58,27.6,28.0,OICP,Credit Card,Fast Pro,0.16,4.48,0,28,25,130,2
2020/06/28 8:5:13,2020/06/28 10:43:10,NULL,26.4,OpenADR,Credit Card,Discount,0.08,2.11,0,26,29,130,1
2020/03/16 18:31:19,2020/03/16 19:8:14,21.2,21.1,OCPI,Credit Card,Fast Pro,0.16,3.38,0,21,24,45,3
2020/08/04 14:34:2,2020/08/04 15:54:8,NULL,20.6,OCPI,Credit Card,Discount,0.08,0.68,97,20,5,121,4
2020/08/16 10:38:43,2020/08/16 11:16:52,NULL,37.3,OCHP,Credit Card,Fast Pro,0.16,5.97,0,37,6,107,6
2020/05/29 1:12:21,2020/05/29 2:50:48,20.9,21.0,ISO15118,Credit Card,Standard,0.1,1.84,26,21,30,41,6
2020/08/04 1:41:56,2020/08/04 3:7:50,NULL,33.6,OCPI,Credit Card,Discount,0.08,1.97,72,33,5,125,5
2020/03/11 15:3:34,2020/03/11 17:23:12,NULL,31.0,OCHP,Credit Card,Discount,0.08,2.48,0,31,27,102,4
2020/12/21 8:15:20,2020/12/21 10:57:2,33.7,33.5,OICP,Credit Card,Standard,0.1,1.41,194,33,17,120,4
2020/04/26 12:1:34,2020/04/26 13:4:36,NULL,25.6,OICP,Credit Card,Discount,0.08,2.05,0,25,10,173,2
2020/11/13 17:13:12,2020/11/13 19:11:26,33.4,33.9,ISO15118,Credit Card,Fast Pro,0.16,3.83,159,33,28,188,1
2020/11/13 6:39:35,2020/11/13 7:35:24,NULL,32.2,OpenADR,Credit Card,Discount,0.08,2.58,0,32,3,7,3
2020/06/13 8:27:49,2020/06/13 9:19:36,17.7,18.1,OICP,Credit Card,Standard,0.1,1.55,26,18,28,28,2
2020/01/08 14:47:31,2020/01/08 16:9:47,36.3,36.9,OCHP,Credit Card,Standard,0.1,1.89,180,36,15,63,2
2020/02/23 11:36:10,2020/02/23 12:44:29,NULL,30.3,OpenADR,Credit Card,Fast Pro,0.16,4.85,0,30,5,159,5
2020/07/30 4:19:35,2020/07/30 5:44:54,NULL,16.8,OCCP,Credit Card,Discount,0.08,1.34,0,16,34,58,4
2020/11/09 4:6:18,2020/11/09 5:6:41,30.0,30.3,OICP,Credit Card,Standard,0.1,2.41,62,30,1,184,4
2020/12/05 15:13:52,2020/12/05 16:47:16,NULL,35.8,OCPI,Credit Card,Discount,0.08,0.97,189,35,26,93,1
2020/05/12 11:25:3,2020/05/12 12:19:6,30.6,31.2,OCHP,Credit Card,Standard,0.1,2.13,99,31,5,60,4
2020/10/06 11:21:34,2020/10/06 13:41:39,NULL,27.7,OCCP,Credit Card,Fast Pro,0.16,4.43,0,27,11,127,5
2020/07/11 8:11:42,2020/07/11 9:51:26,NULL,27.6,ISO15118,Credit Card,Discount,0.08,2.21,0,27,2,91,6
2020/06/04 15:34:23,2020/06/04 17:57:44,33.5,33.4,ISO15118,Credit Card,Fast Pro,0.16,5.34,0,33,4,62,2
2020/01/14 16:26:16,2020/01/14 17:32:7,NULL,35.5,ISO15118,Credit Card,Military,0.04,0.21,121,35,17,29,5
2020/04/04 9:37:39,2020/04/04 11:17:8,NULL,15.3,OCHP,Credit Card,Standard,0.1,1.53,0,15,5,94,2
2020/12/09 19:34:9,2020/12/09 20:14:48,NULL,33.3,OCCP,Credit Card,Discount,0.08,2.66,0,33,26,188,3
2020/10/05 0:30:42,2020/10/05 1:13:29,31.9,31.8,OCCP,Credit Card,Standard,0.1,3.18,0,31,7,168,3
2020/03/17 9:21:21,2020/03/17 11:34:56,NULL,26.4,OCPI,Credit Card,Standard,0.1,2.64,0,26,28,126,5
2020/11/21 5:51:43,2020/11/21 7:39:15,27.8,28.0,OICP,Credit Card,Standard,0.1,2.8,0,28,31,9,6
2020/06/10 17:53:55,2020/06/10 19:10:32,26.0,26.2,OCCP,Credit Card,Fast Pro,0.16,4.19,0,26,7,92,3
2020/06/21 12:42:14,2020/06/21 13:13:9,33.2,33.8,ISO15118,Credit Card,Military,0.04,1.35,0,33,14,178,5
2020/07/05 12:58:55,2020/07/05 13:31:58,36.5,37.2,OpenADR,Credit Card,Fast Pro,0.16,5.95,0,37,9,144,3
2020/04/28 1:39:57,2020/04/28 3:16:31,NULL,18.7,ISO15118,Credit Card,Standard,0.1,1.87,0,18,33,146,4
2020/05/03 16:40:10,2020/05/03 17:4:13,NULL,15.8,ISO15118,Credit Card,Fast Pro,0.16,2.53,0,15,23,72,4
2020/05/11 10:46:32,2020/05/11 11:13:25,19.3,19.1,OCHP,Credit Card,Standard,0.1,1.91,0,19,26,27,2
2020/04/01 6:32:51,2020/04/01 8:34:30,31.6,31.8,OCHP,Credit Card,Fast Pro,0.16,5.09,0,31,15,8,2
2020/03/20 3:11:29,2020/03/20 4:44:4,NULL,34.3,OCCP,Credit Card,Military,0.04,1.37,0,34,13,142,2
2020/12/23 11:11:7,2020/12/23 13:56:46,24.6,24.1,OCHP,Credit Card,Fast Pro,0.16,3.86,0,24,34,197,4
2020/08/27 8:40:40,2020/08/27 9:47:55,NULL,36.1,OICP,Credit Card,Standard,0.1,3.61,0,36,1,61,6
2020/06/22 1:54:31,2020/06/22 3:5:27,33.5,33.8,OICP,Credit Card,Standard,0.1,3.38,0,33,26,82,1
2020/04/06 5:3:1,2020/04/06 6:39:54,NULL,33.2,ISO15118,Credit Card,Discount,0.08,2.66,0,33,33,168,2
2020/08/18 16:36:15,2020/08/18 18:44:47,NULL,36.1,OpenADR,Credit Card,Discount,0.08,2.89,0,36,15,88,1
2020/11/23 5:37:33,2020/11/23 7:13:11,30.6,31.2,OCPI,Credit Card,Standard,0.1,3.12,0,31,4,51,2
2020/03/05 2:25:31,2020/03/05 3:22:38,23.8,24.3,ISO15118,Credit Card,Discount,0.08,1.36,58,24,20,54,1
2020/11/10 1:0:0,2020/11/10 3:23:26,NULL,19.8,OICP,Credit Card,Discount,0.08,1.58,0,19,30,19,5
2020/09/13 19:32:26,2020/09/13 21:28:31,17.4,17.4,ISO15118,Credit Card,Fast Pro,0.16,2.78,0,17,6,127,2
2020/03/07 9:49:2,2020/03/07 10:47:0,NULL,29.0,OCCP,Credit Card,Standard,0.1,2.9,0,29,18,156,3
2020/01/21 7:17:32,2020/01/21 9:6:14,23.9,24.7,OCHP,Credit Card,Fast Pro,0.16,3.71,24,24,23,12,6
2020/04/03 8:58:6,2020/04/03 10:9:29,NULL,34.2,ISO15118,Credit Card,Standard,0.1,3.42,0,34,2,63,5
2020/10/19 13:12:16,2020/10/19 14:42:49,NULL,24.5,OCCP,Credit Card,Discount,0.08,1.96,0,24,35,187,1
2020/08/20 6:32:56,2020/08/20 8:29:7,30.7,30.7,OCHP,Credit Card,Standard,0.1,3.07,0,30,21,160,5
2020/07/07 4:34:57,2020/07/07 5:18:48,20.8,21.4,OICP,Credit Card,Discount,0.08,1.71,0,21,32,120,5
2020/09/21 11:9:31,2020/09/21 13:7:25,36.6,36.6,OpenADR,Credit Card,Standard,0.1,3.66,0,36,25,48,1
2020/07/28 19:52:38,2020/07/28 20:33:2,37.3,38.2,OpenADR,Credit Card,Standard,0.1,2.97,85,38,7,95,1
2020/11/22 16:57:36,2020/11/22 18:20:36,NULL,23.9,ISO15118,Credit Card,Standard,0.1,2.39,0,23,34,195,1
2020/05/26 1:47:34,2020/05/26 3:3:41,NULL,23.4,OICP,Credit Card,Fast Pro,0.16,3.74,0,23,20,133,3
2020/05/12 18:36:20,2020/05/12 20:38:57,NULL,23.3,OCCP,Credit Card,Standard,0.1,2.33,0,23,11,9,2
2020/01/15 3:4:21,2020/01/15 5:38:27,34.5,35.0,OICP,Credit Card,Standard,0.1,3.5,0,35,9,197,3
2020/03/21 2:49:8,2020/03/21 3:13:10,27.9,28.0,OpenADR,Credit Card,Standard,0.1,2.8,0,28,28,149,5
2020/03/02 0:50:18,2020/03/02 2:25:43,NULL,31.4,OCHP,Credit Card,Standard,0.1,3.14,0,31,15,106,6
2020/01/17 2:52:48,2020/01/17 3:0:16,NULL,21.6,OpenADR,Credit Card,Fast Pro,0.16,3.46,0,21,13,158,5
2020/04/24 8:11:22,2020/04/24 9:14:9,26.5,27.2,OCHP,Credit Card,Standard,0.1,0.94,178,27,11,41,6
2020/07/27 5:18:25,2020/07/27 6:53:15,25.8,26.6,OpenADR,Credit Card,Standard,0.1,2.66,0,26,15,63,4
2020/11/28 12:6:27,2020/11/28 13:23:18,32.1,32.1,OICP,Credit Card,Standard,0.1,3.21,0,32,6,37,2
2020/05/16 8:46:1,2020/05/16 10:17:42,NULL,15.8,OCPI,Credit Card,Military,0.04,0.07,70,15,27,149,4
2020/07/22 5:54:22,2020/07/22 7:14:3,NULL,24.6,OCCP,Credit Card,Standard,0.1,2.46,0,24,13,84,5
2020/02/29 9:15:33,2020/02/29 10:17:46,NULL,17.9,OpenADR,Credit Card,Fast Pro,0.16,2.86,0,17,14,21,2
2020/09/02 14:9:54,2020/09/02 15:1:1,37.0,37.1,OCCP,Credit Card,Standard,0.1,3.71,0,37,11,90,2
2020/02/19 8:43:8,2020/02/19 9:36:55,NULL,17.0,OpenADR,Credit Card,Fast Pro,0.16,2.72,0,17,18,111,3
2020/04/09 19:56:9,2020/04/09 20:12:39,37.2,36.8,OpenADR,Credit Card,Standard,0.1,3.68,0,36,26,1,4
2020/05/14 14:24:23,2020/05/14 16:15:44,NULL,22.3,OCCP,Credit Card,Standard,0.1,2.23,0,22,12,11,3
2020/08/31 3:35:5,2020/08/31 5:58:42,NULL,26.2,OICP,Credit Card,Discount,0.08,2.1,0,26,6,106,5
2020/05/10 15:50:7,2020/05/10 16:46:10,NULL,29.4,OICP,Credit Card,Fast Pro,0.16,4.7,0,29,35,154,3
2020/12/08 7:57:11,2020/12/08 8:11:18,NULL,16.2,OCHP,Credit Card,Fast Pro,0.16,1.31,128,16,12,166,4
2020/02/10 6:28:7,2020/02/10 8:9:16,30.8,31.3,OCHP,Credit Card,Discount,0.08,2.5,0,31,22,150,5
2020/10/09 5:50:38,2020/10/09 7:39:7,32.6,32.4,OCHP,Credit Card,Standard,0.1,3.24,0,32,33,6,1
2020/11/10 9:52:33,2020/11/10 11:14:32,35.3,35.1,OCPI,Credit Card,Discount,0.08,1.75,106,35,25,197,6
2020/08/29 8:26:57,2020/08/29 10:23:11,31.9,32.2,OCCP,Credit Card,Standard,0.1,3.22,0,32,1,164,3
2020/04/02 2:55:9,2020/04/02 4:43:31,33.7,34.6,ISO15118,Credit Card,Fast Pro,0.16,5.54,0,34,14,142,6
2020/12/27 10:31:2,2020/12/27 11:20:53,18.7,19.2,ISO15118,Credit Card,Discount,0.08,1.54,0,19,7,62,3
2020/09/18 15:28:16,2020/09/18 16:24:57,27.4,27.6,OICP,Credit Card,Standard,0.1,1.07,169,27,16,67,3
2020/08/16 13:29:14,2020/08/16 14:4:35,NULL,30.5,OCHP,Credit Card,Standard,0.1,1.16,189,30,26,74,1
2020/06/22 15:11:21,2020/06/22 16:41:28,NULL,16.8,OCHP,Credit Card,Discount,0.08,0.14,148,16,6,69,3
2020/04/06 9:50:43,2020/04/06 10:56:10,NULL,22.6,ISO15118,Credit Card,Fast Pro,0.16,2.2,142,22,1,28,1
2020/05/30 8:30:12,2020/05/30 10:33:34,NULL,27.2,OpenADR,Credit Card,Standard,0.1,2.11,61,27,6,134,4
2020/05/23 14:34:2,2020/05/23 15:27:37,NULL,23.0,ISO15118,Credit Card,Military,0.04,0.92,0,23,13,14,2
